Artikelnummer;Name;Einheit;Preis
2384;Starterset Whimsy 100% (24 colours and 6 shelfs);1;780,00
2385;Starterset Sway 100% (24 colours and 6 shelfs);1;684,00
2406;Starterset Bloom 100% (20 colours and 5 shelfs);1;650,00
2383;Starterset FLASH! Earrings;1;360,00
2386;Starterset Sway 50% * 24 Colors;1;336,00
1999;Rainbow Set Regal;1;300,00
2104;Rainbow Set Regal;1;300,00
1791;Starterset RS * Stabkerzen;1;288,00
1792;Starterset RS * Twisted;1;288,00
2456;Lamaherde grande * lila (inkl. 60 Lama medium und 30 Lama mini);1;255,00
2457;Glow Bow Curly (inkl. 50 Double Curly);1;250,00
2459;Waxmas Tree Curly (inkl. 50 Double Curly);1;250,00
1794;Starterset RS * 1er Stumpe;1;192,00
1795;Starterset RS * 2er Stumpe;1;192,00
1793;Starterset RS * Curly;1;192,00
2452;Lamaherde klein * lila (inkl. 60 Lama medium);1;180,00
2454;Lamaherde klein * mint (inkl. 60 Lama medium);1;180,00
2453;Lamaherde klein * pink (inkl. 60 Lama medium);1;180,00
2455;Lamaherde klein * yellow (inkl. 60 Lama medium);1;180,00
2001;Rainbow Set Kerzenständer;1;180,00
2105;Rainbow Set Kerzenständer;1;180,00
1526;Starterset Tray A4;1;138,00
1527;Starterset Tray A5;1;114,00
1532;Starterset Tray Kombi;1;114,00
2110;Starterset Hole Tray A4;1;108,00
1523;Starterset Dipper Boob;1;90,00
1524;Starterset Dipper Cube;1;90,00
1520;Starterset Flipper Boob;1;90,00
1519;Starterset Flipper Cube;1;90,00
1528;Starterset Tray A6;1;90,00
2028;Starterset Hole Tray A5;1;84,00
1787;Starterset Hole Tray Kombi;1;84,00
1522;Starterset Dipper Tube;1;60,00
1521;Starterset Flipper Tube;1;60,00
2029;Starterset Hole Tray A6;1;60,00
1086;Glitzer Blau (Eisblau);1;50,00
1085;Glitzer Champagner;1;50,00
1076;Glitzer Mint;1;50,00
1082;Glitzer Neon Flamingo;1;50,00
1084;Glitzer Neon Grün;1;50,00
1083;Glitzer Neon Pink;1;50,00
2020;Regal * Cosmic Coral;3;50,00
1976;Regal * Cosmic Violet;3;50,00
1975;Regal * Lilac;3;50,00
2019;Regal * Mint;3;50,00
1977;Regal * Pink;3;50,00
1978;Regal * Yellow;3;50,00
1284;Dip Dye Eggs * Tray;1;45,00
1397;Versandpauschale Schweiz;1;39,90
1087;Kerzenlack Spiegeleffekt;1;36,80
6054;Dip Dye Curly * Miami Edition Mix;1;36,00
3934;Gute Besserung * Mix;1;36,00
3476;Weihnachten * Mix;1;36,00
3920;Grüße aus Hamburg * Mix (12 Karten);1;33,00
1593;GC Candleholder * Cube XL;1;32,00
3080;München Mix (12 Karten);1;31,50
1945;Display * Black;1;30,00
1959;Display * Cosmic Coral;1;30,00
1949;Display * Cosmic Violet;1;30,00
1957;Display * Lilac;1;30,00
1961;Display * Mint;1;30,00
1958;Display * Pink;1;30,00
1962;Display * White;1;30,00
1960;Display * Yellow;1;30,00
1954;Display Earrings * Cosmic Coral;1;30,00
1952;Display Earrings * Cosmic Violet;1;30,00
1951;Display Earrings * Lilac;1;30,00
1956;Display Earrings * Mint;1;30,00
1953;Display Earrings * Pink;1;30,00
1955;Display Earrings * Yellow;1;30,00
1588;GC Candleholder * Bulb;1;30,00
1946;Kerzenständer * Black;3;30,00
1983;Kerzenständer * Cosmic Coral;3;30,00
1981;Kerzenständer * Cosmic Violet;3;30,00
1980;Kerzenständer * Lilac;3;30,00
1985;Kerzenständer * Mint;3;30,00
1982;Kerzenständer * Pink;3;30,00
1979;Kerzenständer * White;3;30,00
1984;Kerzenständer * Yellow;3;30,00
2295;Sway Scented * Baby Pink;3;30,00
2290;Sway Scented * Black;3;30,00
2289;Sway Scented * Chocolate;3;30,00
2309;Sway Scented * Electric Blue;3;30,00
2306;Sway Scented * Electric Green;3;30,00
2297;Sway Scented * Flamingo;3;30,00
2308;Sway Scented * Jeans Blue;3;30,00
2304;Sway Scented * Light Green;3;30,00
2301;Sway Scented * Lilac;3;30,00
2300;Sway Scented * Magenta;3;30,00
2305;Sway Scented * Matcha;3;30,00
2307;Sway Scented * Mint;3;30,00
2288;Sway Scented * Mocca;3;30,00
2293;Sway Scented * Neon Orange;3;30,00
2294;Sway Scented * Neon Orange translucent;3;30,00
2298;Sway Scented * Neon Pink;3;30,00
2299;Sway Scented * Neon Pink translucent;3;30,00
2292;Sway Scented * Neon Yellow;3;30,00
2302;Sway Scented * Purple;3;30,00
2310;Sway Scented * Silk blue;3;30,00
2296;Sway Scented * Silk rose;3;30,00
2291;Sway Scented * Vanilla;3;30,00
2303;Sway Scented * Violet Silk;3;30,00
2287;Sway Scented * White;3;30,00
2343;Whimsy 150% * Baby Pink;3;30,00
2338;Whimsy 150% * Black;3;30,00
2337;Whimsy 150% * Chocolate;3;30,00
2357;Whimsy 150% * Electric Blue;3;30,00
2354;Whimsy 150% * Electric Green;3;30,00
2345;Whimsy 150% * Flamingo;3;30,00
2356;Whimsy 150% * Jeans Blue;3;30,00
2352;Whimsy 150% * Light Green;3;30,00
2349;Whimsy 150% * Lilac;3;30,00
2348;Whimsy 150% * Magenta;3;30,00
2353;Whimsy 150% * Matcha;3;30,00
2355;Whimsy 150% * Mint;3;30,00
2336;Whimsy 150% * Mocca;3;30,00
2341;Whimsy 150% * Neon Orange;3;30,00
2342;Whimsy 150% * Neon Orange translucent;3;30,00
2346;Whimsy 150% * Neon Pink;3;30,00
2347;Whimsy 150% * Neon Pink translucent;3;30,00
2340;Whimsy 150% * Neon Yellow;3;30,00
2350;Whimsy 150% * Purple;3;30,00
2358;Whimsy 150% * Silk blue;3;30,00
2344;Whimsy 150% * Silk rose;3;30,00
2339;Whimsy 150% * Vanilla;3;30,00
2351;Whimsy 150% * Violet Silk;3;30,00
2335;Whimsy 150% * White;3;30,00
2367;Whimsy Scented * Baby Pink;3;30,00
2362;Whimsy Scented * Black;3;30,00
2361;Whimsy Scented * Chocolate;3;30,00
2381;Whimsy Scented * Electric Blue;3;30,00
2378;Whimsy Scented * Electric Green;3;30,00
2369;Whimsy Scented * Flamingo;3;30,00
2380;Whimsy Scented * Jeans Blue;3;30,00
2376;Whimsy Scented * Light Green;3;30,00
2373;Whimsy Scented * Lilac;3;30,00
2372;Whimsy Scented * Magenta;3;30,00
2377;Whimsy Scented * Matcha;3;30,00
2379;Whimsy Scented * Mint;3;30,00
2360;Whimsy Scented * Mocca;3;30,00
2365;Whimsy Scented * Neon Orange;3;30,00
2366;Whimsy Scented * Neon Orange translucent;3;30,00
2370;Whimsy Scented * Neon Pink;3;30,00
2371;Whimsy Scented * Neon Pink translucent;3;30,00
2364;Whimsy Scented * Neon Yellow;3;30,00
2374;Whimsy Scented * Purple;3;30,00
2382;Whimsy Scented * Silk blue;3;30,00
2368;Whimsy Scented * Silk rose;3;30,00
2363;Whimsy Scented * Vanilla;3;30,00
2375;Whimsy Scented * Violet Silk;3;30,00
2359;Whimsy Scented * White;3;30,00
3034;Bonne Année Mix;1;27,00
3906;Eichhörnchen Mix;1;27,00
3215;FROHE OSTERN MIX (12 Karten);1;27,00
3671;Happy Easter Mix (12 Karten);1;27,00
1368;Paris MIX;1;27,00
3907;Squirrel Mix;1;27,00
3218;SUPERNOVA FRENCH MIX;1;27,00
1796;Trachten Mix;1;27,00
3229;W. BAUM MIX;1;27,00
3230;W. STERN MIX;1;27,00
1595;GC Candleholder * Disc Blue;6;26,00
1594;GC Candleholder * Disc Green;6;26,00
1596;GC Candleholder * Disc Purple;6;26,00
2271;Sway 150% * Baby Pink;3;26,00
2266;Sway 150% * Black;3;26,00
2265;Sway 150% * Chocolate;3;26,00
2285;Sway 150% * Electric Blue;3;26,00
2282;Sway 150% * Electric Green;3;26,00
2273;Sway 150% * Flamingo;3;26,00
2284;Sway 150% * Jeans Blue;3;26,00
2280;Sway 150% * Light Green;3;26,00
2277;Sway 150% * Lilac;3;26,00
2276;Sway 150% * Magenta;3;26,00
2281;Sway 150% * Matcha;3;26,00
2283;Sway 150% * Mint;3;26,00
2264;Sway 150% * Mocca;3;26,00
2269;Sway 150% * Neon Orange;3;26,00
2270;Sway 150% * Neon Orange translucent;3;26,00
2274;Sway 150% * Neon Pink;3;26,00
2275;Sway 150% * Neon Pink translucent;3;26,00
2268;Sway 150% * Neon Yellow;3;26,00
2278;Sway 150% * Purple;3;26,00
2286;Sway 150% * Silk blue;3;26,00
2272;Sway 150% * Silk rose;3;26,00
2267;Sway 150% * Vanilla;3;26,00
2279;Sway 150% * Violet Silk;3;26,00
2464;Ear Candy * Amai I Kira;3;25,00
2462;Ear Candy * Amai I Miruku;3;25,00
2463;Ear Candy * Amai I Momoiro;3;25,00
2460;Ear Candy * Amai I Puchi;3;25,00
2465;Ear Candy * Amai I Pyon;3;25,00
2461;Ear Candy * Amai I Ringo;3;25,00
2468;Ear Candy * Genki I Bibu;3;25,00
2466;Ear Candy * Genki I Doki;3;25,00
2471;Ear Candy * Genki I Mero;3;25,00
2469;Ear Candy * Genki I Niji;3;25,00
2470;Ear Candy * Genki I Pika;3;25,00
2467;Ear Candy * Genki I Zawa;3;25,00
2481;Ear Candy * Neko I Chibi;3;25,00
2482;Ear Candy * Neko I Koko;3;25,00
2483;Ear Candy * Neko I Mochi;3;25,00
2479;Ear Candy * Neko I Mofu;3;25,00
2480;Ear Candy * Neko I Nyan;3;25,00
2478;Ear Candy * Neko I Tama;3;25,00
2477;Ear Candy * Yoru I Ame;3;25,00
2475;Ear Candy * Yoru I Hikari;3;25,00
2472;Ear Candy * Yoru I Kuro;3;25,00
2476;Ear Candy * Yoru I Sora;3;25,00
2473;Ear Candy * Yoru I Tsuki;3;25,00
2474;Ear Candy * Yoru I Yami;3;25,00
1766;Hole Tray A4 Black;3;25,00
1770;Hole Tray A4 Cosmic Coral;3;25,00
1769;Hole Tray A4 Cosmic Violet;3;25,00
2018;Hole Tray A4 Mint;3;25,00
1771;Hole Tray A4 Pink;3;25,00
2444;Hole Tray A4 White;3;25,00
1768;Hole Tray A4 Yellow;3;25,00
1584;GC Vase * Green XL;6;24,00
3914;Tannenallee mint;6;2,25
6286;Tray A4 * Black;6;23,00
1518;Tray A4 * Coral;6;23,00
6288;Tray A4 * Lilac;6;23,00
1515;Tray A4 * Mint;6;23,00
6287;Tray A4 * Pink;6;23,00
1516;Tray A4 * Purple;6;23,00
1514;Tray A4 * White;6;23,00
1517;Tray A4 * Yellow;6;23,00
2222;Bloom 100% * Baby Pink;3;20,00
2218;Bloom 100% * Black;3;20,00
2217;Bloom 100% * Chocolate;3;20,00
2234;Bloom 100% * Electric Blue;3;20,00
2231;Bloom 100% * Electric Green;3;20,00
2223;Bloom 100% * Flamingo;3;20,00
2233;Bloom 100% * Jeans Blue;3;20,00
2229;Bloom 100% * Light Green;3;20,00
2226;Bloom 100% * Lilac;3;20,00
2225;Bloom 100% * Magenta;3;20,00
2230;Bloom 100% * Matcha;3;20,00
2232;Bloom 100% * Mint;3;20,00
2216;Bloom 100% * Mocca;3;20,00
2221;Bloom 100% * Neon Orange;3;20,00
2224;Bloom 100% * Neon Pink;3;20,00
2220;Bloom 100% * Neon Yellow;3;20,00
2227;Bloom 100% * Purple;3;20,00
2219;Bloom 100% * Vanilla;3;20,00
2228;Bloom 100% * Violet Silk;3;20,00
2215;Bloom 100% * White;3;20,00
6076;Dip Dye Glow * Cold Star;6;20,00
6254;Dip Dye Glow * Countdown;6;20,00
6079;Dip Dye Glow * Golden Star;6;20,00
6219;Dip Dye Glow * Ruby Star;6;20,00
6218;Dip Dye Glow * Smaragd Star;6;20,00
6077;Dip Dye Glow * Warm Star;6;20,00
2447;FLASH! babypink;3;20,00
2199;FLASH! blue;3;20,00
2446;FLASH! electric green;3;20,00
2449;FLASH! flamingo;3;20,00
2450;FLASH! jeans blue;3;20,00
2203;FLASH! lilac;3;20,00
2451;FLASH! matcha;3;20,00
2202;FLASH! mint;3;20,00
2201;FLASH! orange;3;20,00
2198;FLASH! pink;3;20,00
2448;FLASH! white;3;20,00
2200;FLASH! yellow;3;20,00
1586;GC Vase * Purple L;6;20,00
1585;GC Vase * Red L;6;20,00
2319;Whimsy 100% * Baby Pink;3;20,00
2314;Whimsy 100% * Black;3;20,00
2313;Whimsy 100% * Chocolate;3;20,00
2333;Whimsy 100% * Electric Blue;3;20,00
2330;Whimsy 100% * Electric Green;3;20,00
2321;Whimsy 100% * Flamingo;3;20,00
2332;Whimsy 100% * Jeans Blue;3;20,00
2328;Whimsy 100% * Light Green;3;20,00
2325;Whimsy 100% * Lilac;3;20,00
2324;Whimsy 100% * Magenta;3;20,00
2329;Whimsy 100% * Matcha;3;20,00
2331;Whimsy 100% * Mint;3;20,00
2312;Whimsy 100% * Mocca;3;20,00
2317;Whimsy 100% * Neon Orange;3;20,00
2318;Whimsy 100% * Neon Orange translucent;3;20,00
2322;Whimsy 100% * Neon Pink;3;20,00
2323;Whimsy 100% * Neon Pink translucent;3;20,00
2316;Whimsy 100% * Neon Yellow;3;20,00
2326;Whimsy 100% * Purple;3;20,00
2334;Whimsy 100% * Silk blue;3;20,00
2320;Whimsy 100% * Silk rose;3;20,00
2315;Whimsy 100% * Vanilla;3;20,00
2327;Whimsy 100% * Violet Silk;3;20,00
2311;Whimsy 100% * White;3;20,00
1386;Versandpauschale Frankreich;1;19,90
1399;Versandpauschale Italien;1;19,90
1396;Versandpauschale Österreich;1;19,90
1509;Tray A5 * Black;6;19,00
6284;Tray A5 * Coral;6;19,00
1511;Tray A5 * Lilac;6;19,00
6283;Tray A5 * Mint;6;19,00
1513;Tray A5 * Pink;6;19,00
6285;Tray A5 * Purple;6;19,00
1510;Tray A5 * White;6;19,00
1512;Tray A5 * Yellow;6;19,00
1765;Dip Dye Neon * Rainbow Box;6;18,00
1037;Dip Dye Xmas * Box;6;18,00
2445;Hole Tray A4 Lilac;3;18,00
2388;Whimsy 50% * Baby Pink;3;18,00
2389;Whimsy 50% * Lilac;3;18,00
2390;Whimsy 50% * Mint;3;18,00
2387;Whimsy 50% * Mocca;3;18,00
2391;Whimsy 50% * Neon Pink;3;18,00
6118;Dip Dye Eggs * Pack of ten;6;16,00
1589;GC Candleholder * Diamond Coral;6;16,00
1591;GC Candleholder * Diamond Green;6;16,00
1590;GC Candleholder * Diamond Pink;6;16,00
1587;GC Vase * Pink M;6;16,00
2087;Get Away * Acapulco Chili Pepper;3;16,00
2086;Get Away * Acapulco Fiesta;3;16,00
2083;Get Away * Acapulco Margaritas;3;16,00
2084;Get Away * Acapulco Sombreros;3;16,00
2088;Get Away * Acapulco Sugar Skulls;3;16,00
2085;Get Away * Acapulco Tequila;3;16,00
2097;Get Away * Fiji Island;3;16,00
2096;Get Away * Fiji Resort;3;16,00
2095;Get Away * Fiji Water;3;16,00
2058;Get Away * Miami Art Deco;3;16,00
2060;Get Away * Miami Beach;3;16,00
2059;Get Away * Miami Cadillac;3;16,00
2062;Get Away * Miami Heat;3;16,00
2057;Get Away * Miami Ocean Drive;3;16,00
2061;Get Away * Miami Secrets;3;16,00
2056;Get Away * Miami Vice;3;16,00
2076;Get Away * Nizza Cocktail Hour;3;16,00
2075;Get Away * Nizza Sundowner;3;16,00
2063;Get Away * Playa Baywatch;3;16,00
2064;Get Away * Playa Cloudy Sky;3;16,00
2050;Get Away * Reef Blue Lagoon;3;16,00
2051;Get Away * Reef Cliff Jumping;3;16,00
2053;Get Away * Reef Corals;3;16,00
2054;Get Away * Reef Ocean Breeze;3;16,00
2052;Get Away * Reef Seagrass;3;16,00
2055;Get Away * Reef Snorkeling;3;16,00
2091;Get Away * Rio Carneval;3;16,00
2090;Get Away * Rio Copacabana;3;16,00
2093;Get Away * Rio Samba;3;16,00
2094;Get Away * Rio Spirit;3;16,00
2092;Get Away * Rio Vibes;3;16,00
2080;Get Away * Riviera Beachwalks;3;16,00
2081;Get Away * Riviera Cabrio;3;16,00
2082;Get Away * Riviera Portofino;3;16,00
2077;Get Away * Smeralda Costa;3;16,00
2078;Get Away * Smeralda Vespa;3;16,00
2066;Get Away * Tokyo Cherry Blossom;3;16,00
2065;Get Away * Tokyo Gin;3;16,00
2069;Get Away * Tokyo Lucky Cat;3;16,00
2067;Get Away * Tokyo Nights;3;16,00
2068;Get Away * Tokyo Shibuya;3;16,00
2103;Get Away * Tulum Escape;3;16,00
2099;Get Away * Tulum Forever;3;16,00
2100;Get Away * Tulum Fullmoon;3;16,00
2102;Get Away * Tulum Leaves;3;16,00
2101;Get Away * Tulum Mojito;3;16,00
2098;Get Away * Tulum Papaya Playa;3;16,00
2079;Get Away * Vanuatu Paradise;3;16,00
2072;Get Away * Venice Beach;3;16,00
2071;Get Away * Venice Rollerskates;3;16,00
2070;Get Away * Venice Sunset;3;16,00
2245;Sway 100% * Baby Pink;3;16,00
2239;Sway 100% * Black;3;16,00
2238;Sway 100% * Chocolate;3;16,00
2259;Sway 100% * Electric Blue;3;16,00
2256;Sway 100% * Electric Green;3;16,00
2247;Sway 100% * Flamingo;3;16,00
2258;Sway 100% * Jeans Blue;3;16,00
2254;Sway 100% * Light Green;3;16,00
2251;Sway 100% * Lilac;3;16,00
2250;Sway 100% * Magenta;3;16,00
2255;Sway 100% * Matcha;3;16,00
2257;Sway 100% * Mint;3;16,00
2237;Sway 100% * Mocca;3;16,00
2242;Sway 100% * Neon Orange;3;16,00
2243;Sway 100% * Neon Orange translucent;3;16,00
2248;Sway 100% * Neon Pink;3;16,00
2249;Sway 100% * Neon Pink translucent;3;16,00
2241;Sway 100% * Neon Yellow;3;16,00
2252;Sway 100% * Purple;3;16,00
2262;Sway 100% * Silk blue;3;16,00
2246;Sway 100% * Silk rose;3;16,00
2240;Sway 100% * Vanilla;3;16,00
2253;Sway 100% * Violet Silk;3;16,00
2236;Sway 100% * White;3;16,00
6074;Dip Dye Sparkle * Cold Ice;6;15,00
6255;Dip Dye Sparkle * Countdown;6;15,00
6080;Dip Dye Sparkle * Golden Ice;6;15,00
6217;Dip Dye Sparkle * Powder Ice;6;15,00
6216;Dip Dye Sparkle * Velvet Ice;6;15,00
6075;Dip Dye Sparkle * Warm Ice;6;15,00
1491;Dipper Boob * Black;6;15,00
6275;Dipper Boob * Coral;6;15,00
1500;Dipper Boob * Coral (alte Farbe);6;15,00
1493;Dipper Boob * Lilac;6;15,00
1492;Dipper Boob * Mint;6;15,00
6274;Dipper Boob * Pink;6;15,00
1495;Dipper Boob * White;6;15,00
6276;Dipper Boob * Yellow;6;15,00
6277;Dipper Cube * Black;6;15,00
1499;Dipper Cube * Coral;6;15,00
6279;Dipper Cube * Lilac;6;15,00
1498;Dipper Cube * Mint;6;15,00
6278;Dipper Cube * Pink;6;15,00
1496;Dipper Cube * White;6;15,00
1497;Dipper Cube * Yellow;6;15,00
1494;Dipper Tube * Coral (alte Farbe);6;15,00
2484;Ear Candy * Chibi I Kiki;3;15,00
2488;Ear Candy * Chibi I Lulu;3;15,00
2486;Ear Candy * Chibi I Miu;3;15,00
2489;Ear Candy * Chibi I Momo;3;15,00
2485;Ear Candy * Chibi I Nunu;3;15,00
2487;Ear Candy * Chibi I Toto;3;15,00
1476;Flipper Boob * Black;6;15,00
1478;Flipper Boob * Coral;6;15,00
6267;Flipper Boob * Coral (alte Farbe);6;15,00
1479;Flipper Boob * Lilac;6;15,00
1477;Flipper Boob * Mint;6;15,00
6265;Flipper Boob * Pink;6;15,00
6266;Flipper Boob * White;6;15,00
1480;Flipper Boob * Yellow;6;15,00
6268;Flipper Cube *  Black;6;15,00
1482;Flipper Cube * Coral;6;15,00
1484;Flipper Cube * Coral (alte Farbe);6;15,00
1483;Flipper Cube * Lilac;6;15,00
6269;Flipper Cube * Mint;6;15,00
1481;Flipper Cube * Pink;6;15,00
1485;Flipper Cube * White;6;15,00
6270;Flipper Cube * Yellow;6;15,00
2393;Sway 50% * Baby Pink;3;15,00
2405;Sway 50% * Electric Blue;3;15,00
2399;Sway 50% * Electric Green;3;15,00
2396;Sway 50% * Jeans Blue;3;15,00
2398;Sway 50% * Light Green;3;15,00
2402;Sway 50% * Lilac;3;15,00
2395;Sway 50% * Mint;3;15,00
2401;Sway 50% * Mocca;3;15,00
2394;Sway 50% * Neon Orange;3;15,00
2392;Sway 50% * Neon Pink;3;15,00
2403;Sway 50% * Purple;3;15,00
2397;Sway 50% * Vanilla;3;15,00
2400;Sway 50% * White;3;15,00
1508;Tray A6 * Black;6;15,00
1506;Tray A6 * Coral;6;15,00
1505;Tray A6 * Lilac;6;15,00
1501;Tray A6 * Mint;6;15,00
6281;Tray A6 * Pink;6;15,00
6280;Tray A6 * Purple;6;15,00
1507;Tray A6 * White;6;15,00
6282;Tray A6 * Yellow;6;15,00
1000;Versandkosten;1;14,90
1772;Hole Tray A5 Black;3;14,00
1776;Hole Tray A5 Cosmic Coral;3;14,00
1775;Hole Tray A5 Cosmic Violet;3;14,00
2017;Hole Tray A5 Lilac;3;14,00
1773;Hole Tray A5 Mint;3;14,00
1777;Hole Tray A5 Pink;3;14,00
2015;Hole Tray A5 White;3;14,00
2016;Hole Tray A5 Yellow;3;14,00
1933;x;6;14,00
2089;x;6;14,00
6114;Dip Dye Swirl - Passion Island;6;12,00
6215;Dip Dye Swirl * Ballett Slippers;6;12,00
6208;Dip Dye Swirl * Blushing Amber;6;12,00
6210;Dip Dye Swirl * Cha Cha Cha;6;12,00
6212;Dip Dye Swirl * Cocktail Fusion;6;12,00
2206;Dip Dye Swirl * Crystal Lagoon;6;12,00
6205;Dip Dye Swirl * Eclectic Pouf;6;12,00
6209;Dip Dye Swirl * Elegant Dinner;6;12,00
6137;Dip Dye Swirl * Flamingo Wedding;6;12,00
6207;Dip Dye Swirl * Golden Hour;6;12,00
6214;Dip Dye Swirl * Happy Place;6;12,00
6138;Dip Dye Swirl * Lollipop Flowers;6;12,00
2205;Dip Dye Swirl * Prism Blossom;6;12,00
6213;Dip Dye Swirl * Snowflake;6;12,00
1335;Dip Dye Swirl * Spicy Umbrella;6;12,00
2204;Dip Dye Swirl * Spring Candy;6;12,00
1336;Dip Dye Swirl * Starless Whisper;6;12,00
6206;Dip Dye Swirl * Sunset Disco;6;12,00
2107;Dip Dye Swirl * Surprise Bungalow;6;12,00
1337;Dip Dye Swirl * Topsy Turvy;6;12,00
6136;Dip Dye Swirl * Valentine Promise;6;12,00
6211;Dip Dye Swirl * Vibrant Matcha;6;12,00
1334;Dip Dye Swirl * Yummy Dragonfruit;6;12,00
1592;GC Candleholder * Cube S;6;12,00
6256;Dip Dye  Silver * Foggy Haze;6;10,00
6204;Dip Dye Bling-Bling * Baby it´s cold outside;6;10,00
6200;Dip Dye Bling-Bling * Real love;6;10,00
6202;Dip Dye Bling-Bling * Red lights;6;10,00
6201;Dip Dye Bling-Bling * Something magical;6;10,00
6230;Dip Dye Copper * Moody Reflections;6;10,00
6238;Dip Dye Copper * Sweater Weather;6;10,00
2209;Dip Dye Eggs - Orange Candies;6;10,00
2208;Dip Dye Eggs - Pink Candies;6;10,00
2207;Dip Dye Eggs - Rainbow Candies;6;10,00
6117;Dip Dye Eggs - Sixpack yellow;6;10,00
6115;Dip Dye Eggs * Sixpack blue;6;10,00
6116;Dip Dye Eggs * Sixpack green;6;10,00
1719;Dip Dye Marble * Gamma Ray;6;10,00
1730;Dip Dye Marble Swirl * Starlit Skies;6;10,00
6257;Dip Dye Silver * Stormy Blizzard;6;10,00
1142;Dip Dye Twinkle * Berry Lush;6;10,00
6072;Dip Dye Twinkle * Cold Diamonds;6;10,00
6222;Dip Dye Twinkle * Colour Diamonds;6;10,00
6235;Dip Dye Twinkle * Copper Diamonds;6;10,00
6087;Dip Dye Twinkle * Golden Diamonds;6;10,00
6056;Dip Dye Twinkle * Luxe Lychee;6;10,00
6237;Dip Dye Twinkle * Purple Diamonds;6;10,00
6236;Dip Dye Twinkle * Silver Diamonds;6;10,00
6220;Dip Dye Twinkle * Smaragd Diamonds;6;10,00
6221;Dip Dye Twinkle * Velvet Diamonds;6;10,00
6073;Dip Dye Twinkle * Warm Diamonds;6;10,00
6193;Dip Dye Twinkle Glitter * Christmas Tree Farm;6;10,00
6194;Dip Dye Twinkle Glitter * Santa Baby;6;10,00
6195;Dip Dye Twinkle Glitter * Winter wonderland;6;10,00
1486;Dipper Tube * Black;6;10,00
1488;Dipper Tube * Coral;6;10,00
1490;Dipper Tube * Lilac;6;10,00
1487;Dipper Tube * Mint;6;10,00
1537;Dipper Tube * Pink;6;10,00
6273;Dipper Tube * Purple;6;10,00
6271;Dipper Tube * White;6;10,00
6272;Dipper Tube * Yellow;6;10,00
1471;Flipper Tube * Black;6;10,00
1473;Flipper Tube * Coral;6;10,00
1474;Flipper Tube * Coral (alte Farbe);6;10,00
6264;Flipper Tube * Lilac;6;10,00
6263;Flipper Tube * Mint;6;10,00
1472;Flipper Tube * Pink;6;10,00
6262;Flipper Tube * White;6;10,00
1475;Flipper Tube * Yellow;6;10,00
6252;Graphic Lights  X-Mas * Countdown;6;10,00
1260;Graphic lights * Curves 301;6;10,00
1262;Graphic lights * Curves 303;6;10,00
1263;Graphic lights * Curves 304;6;10,00
1264;Graphic lights * Curves 305;6;10,00
1266;Graphic lights * Dots 401;6;10,00
1269;Graphic lights * Dots 404;6;10,00
1274;Graphic lights * Geo 001;6;10,00
1275;Graphic lights * Geo 002;6;10,00
1258;Graphic lights * Lines 201;6;10,00
1259;Graphic lights * Lines 202;6;10,00
1253;Graphic lights * Sinus 101;6;10,00
1254;Graphic lights * Sinus 102;6;10,00
1255;Graphic lights * Sinus 103;6;10,00
1256;Graphic lights * Sinus 104;6;10,00
1257;Graphic lights * Sinus 105;6;10,00
1272;Graphic lights * Triangle 501;6;10,00
1670;Graphic Lights Black * Curves;6;10,00
1669;Graphic Lights Black * Dots;6;10,00
1671;Graphic Lights Black * Lines;6;10,00
1778;Hole Tray A6 Cosmic Blue;6;10,00
1785;Hole Tray A6 Cosmic Coral;6;10,00
1786;Hole Tray A6 Cosmic Pink;6;10,00
2021;Hole Tray A6 Cosmic Pink;6;10,00
1784;Hole Tray A6 Cosmic Violet;6;10,00
1779;Hole Tray A6 Mint;6;10,00
1780;Hole Tray A6 Yellow;6;10,00
1851;Twinkle/Gmund 925 Light silver/310g/Folico 6719;6;10,00
1849;Twinkle/Gmund Heather Peacock/350g/Folico 6639;6;10,00
1850;Twinkle/Gmund Les Naturals Rubis/330g/6638;6;10,00
1395;Versandpauschale Deutschland;6;9,90
6191;Dip Dye Glitter * Diamonds in the sky;6;9,00
6119;Dip Dye Glitter * Girls Night;6;9,00
6192;Dip Dye Glitter * Let it snow;6;9,00
6147;Dip Dye Glitter * Lilac;6;9,00
6121;Dip Dye Glitter * Mermaids Magic;6;9,00
6126;Dip Dye Glitter * Mint;6;9,00
6125;Dip Dye Glitter * Orange;6;9,00
6122;Dip Dye Glitter * Sparkling Party;6;9,00
6120;Dip Dye Glitter * Special Anniversary;6;9,00
6190;Dip Dye Glitter * Under the mistletoe;6;9,00
6124;Dip Dye Glitter * Yellow;6;9,00
6090;Dip Dye Little Star * Aqua Stars;6;9,00
6078;Dip Dye Little Star * Lipstick Stars;6;9,00
1139;Dip Dye Little Stars * Donut Glaze;6;9,00
1140;Dip Dye Little Stars * Golden Nectar;6;9,00
6249;Dip Dye Little Stars * Prism Stars;6;9,00
6250;Dip Dye Little Stars * Silent Stars;6;9,00
6240;Dip Dye X-Mas * Balmy Sleigh;6;9,00
6231;Dip Dye X-Mas * Chilly Chimney;6;9,00
6241;Dip Dye X-Mas * Comfy Chalet;6;9,00
6069;Dip Dye X-Mas * Cosy Blush;6;9,00
6251;Dip Dye X-Mas * Flickering Fireplace;6;9,00
6068;Dip Dye X-Mas * Frosty Blue;6;9,00
6189;Dip Dye X-Mas * Gingerbread House;6;9,00
6258;Dip Dye X-Mas * Holly Jolly;6;9,00
6246;Dip Dye X-Mas * Homely Blanket;6;9,00
6292;Dip Dye X-Mas * Krypton;6;9,00
6243;Dip Dye X-Mas * Mystical Shine;6;9,00
6295;Dip Dye X-Mas * Palladium;6;9,00
6055;Dip Dye X-Mas * Shine like a star;6;9,00
6293;Dip Dye X-Mas * Silicium;6;9,00
1143;Dip Dye X-Mas * Super Glamourous;6;9,00
6071;Dip Dye X-Mas * X-Mas Fireworks;6;9,00
1145;Dip Dye Xmas * Jewel-like Kiwi;6;9,00
1146;Dip Dye Xmas * Stargazing;6;9,00
1277;Graphic lights Skinny * Curves 31;6;9,00
1278;Graphic lights Skinny * Curves 32;6;9,00
1279;Graphic lights Skinny * Curves 33;6;9,00
1280;Graphic lights Skinny * Dots 41;6;9,00
1282;Graphic lights Skinny * Dots 42;6;9,00
1276;Graphic lights Skinny * Lines 21;6;9,00
1283;Graphic lights Skinny * Triangle 51;6;9,00
1697;Graphic Lights Skinny Black *  Curves;6;9,00
1698;Graphic Lights Skinny Black *  Lines;6;9,00
1696;Graphic Lights Skinny Black * Dots;6;9,00
6253;Graphic Lights X-Mas * Stars;6;9,00
1344;Coffee Beans * Costa Rica;6;8,00
1342;Coffee Beans * México;6;8,00
1343;Coffee Beans * Peru;6;8,00
1152;Dip Dye Autumn * Wake me up when September ends;6;8,00
1314;Dip Dye Bling-Bling * Athene;6;8,00
6186;Dip Dye Bling-Bling * Blackberry fields;6;8,00
6175;Dip Dye Bling-Bling * Blood orange;6;8,00
6173;Dip Dye Bling-Bling * Colder than november;6;8,00
6187;Dip Dye Bling-Bling * Dancing in the moonlight;6;8,00
1316;Dip Dye Bling-Bling * Erebos;6;8,00
1308;Dip Dye Bling-Bling * Eris;6;8,00
1312;Dip Dye Bling-Bling * Eros;6;8,00
6180;Dip Dye Bling-Bling * Forest vibes;6;8,00
1311;Dip Dye Bling-Bling * Hades;6;8,00
6185;Dip Dye Bling-Bling * Harvest moon;6;8,00
1315;Dip Dye Bling-Bling * Herakles;6;8,00
6174;Dip Dye Bling-Bling * Indian Summer;6;8,00
6172;Dip Dye Bling-Bling * November grey;6;8,00
6171;Dip Dye Bling-Bling * November rain;6;8,00
6176;Dip Dye Bling-Bling * October skies;6;8,00
1313;Dip Dye Bling-Bling * Pan;6;8,00
6199;Dip Dye Bling-Bling * Red velvet;6;8,00
6184;Dip Dye Bling-Bling * September Sun;6;8,00
6178;Dip Dye Bling-Bling * Somewhere in october;6;8,00
6181;Dip Dye Bling-Bling * Treehouse;6;8,00
6183;Dip Dye Bling-Bling * Wake me up when September ends;6;8,00
6182;Dip Dye Bling-Bling * we fell in love in september;6;8,00
6058;Dip Dye Bubble * Bubble on the Beach;6;8,00
6059;Dip Dye Bubble * Sundowner;6;8,00
6026;Dip Dye Eggs * Foursome;6;8,00
1324;Dip Dye Glossy * Cuprum;6;8,00
1319;Dip Dye Glossy * Lithium;6;8,00
1323;Dip Dye Glossy * Platin;6;8,00
5555;Dip Dye Marble * Cosmic Universe;6;8,00
6050;Dip Dye Marble * Jupiter;6;8,00
6051;Dip Dye Marble * Neptune;6;8,00
1731;Dip Dye Marble * Supernova Mix;6;8,00
6052;Dip Dye Marble * Venus;6;8,00
1169;Dip Dye Neon * Apple Crisp;6;8,00
6016;Dip Dye Neon * Berry Burst;6;8,00
1172;Dip Dye Neon * Cherry Glow;6;8,00
6099;Dip Dye Neon * Electric Love;6;8,00
6088;Dip Dye Neon * Gooseberry Lookalike;6;8,00
6013;Dip Dye Neon * Grape Bliss;6;8,00
6008;Dip Dye Neon * Honey Glaze;6;8,00
1173;Dip Dye Neon * Kiwi Whisper;6;8,00
6097;Dip Dye Neon * Lemon Zest;6;8,00
6081;Dip Dye Neon * Lime Twist;6;8,00
6093;Dip Dye Neon * Mango Melody;6;8,00
6161;Dip Dye Neon * Melon Mist;6;8,00
2210;Dip Dye Neon * Midsummer Sweets;6;8,00
1171;Dip Dye Neon * Peach Fuzz;6;8,00
6038;Dip Dye Neon * Pineapple Blue;6;8,00
6095;Dip Dye Neon * Seashell Memories;6;8,00
1174;Dip Dye Neon * Tangerine Sunset;6;8,00
2213;Dip Dye Neon * Triple Eggplant;6;8,00
2212;Dip Dye Neon * Triple Indigo;6;8,00
2211;Dip Dye Neon * Triple Matcha;6;8,00
6101;Dip Dye Neon * Tropical Tango;6;8,00
6150;Dip Dye Pop * Candypink;6;8,00
6149;Dip Dye Pop * Coral;6;8,00
1302;Dip Dye Pop * Girl Boss;6;8,00
1304;Dip Dye Pop * Girl next door;6;8,00
6158;Dip Dye Pop * Girl on fire;6;8,00
6157;Dip Dye Pop * Girls just wanna have fun;6;8,00
1305;Dip Dye Pop * Girls like us;6;8,00
1303;Dip Dye Pop * Girly Girl;6;8,00
6153;Dip Dye Pop * Lilac;6;8,00
6152;Dip Dye Pop * Mint;6;8,00
6155;Dip Dye Pop * Steal my girl;6;8,00
6156;Dip Dye Pop * Who´s that girl?;6;8,00
6148;Dip Dye Pop * Yellow;6;8,00
6296;Dip Dye Skinny * You melt my heart like chocolate;6;8,00
6239;Dip Dye Skinny Copper * Charming Serendipity;6;8,00
6228;Dip Dye Skinny Copper * Delicate Illumination;6;8,00
6223;Dip Dye Skinny Gold * Lumina Mist;6;8,00
6224;Dip Dye Skinny Gold * Radiant Gleam;6;8,00
6226;Dip Dye Skinny Silver * Blissful Morning;6;8,00
6247;Dip Dye Skinny Silver * Candy Cane;6;8,00
6245;Dip Dye Skinny Silver * Heavenly Aura;6;8,00
6242;Dip Dye Skinny Silver * Rainwater Lily;6;8,00
6225;Dip Dye Skinny Silver * Zen Essence;6;8,00
6046;Dip Dye Twisted * Ice Cream Pink;6;8,00
6048;Dip Dye Twisted * Ice Cream Yellow;6;8,00
1331;Dip Dye Twisted * Shades of Avocado;6;8,00
6043;Dip Dye Twisted * Shades of Banana;6;8,00
6044;Dip Dye Twisted * Shades of Blueberry;6;8,00
6045;Dip Dye Twisted * Shades of Fruit Salad;6;8,00
1332;Dip Dye Twisted * Shades of Passionfruit;6;8,00
6042;Dip Dye Twisted * Shades of Peach;6;8,00
6040;Dip Dye Twisted * Shades of Pomegranate;6;8,00
2000;Kombihalter breit * Black;6;8,00
1996;Kombihalter breit * Cosmic Coral;6;8,00
1994;Kombihalter breit * Cosmic Violet;6;8,00
1993;Kombihalter breit * Lilac;6;8,00
1998;Kombihalter breit * Mint;6;8,00
1995;Kombihalter breit * Pink;6;8,00
2004;Kombihalter breit * White;6;8,00
1997;Kombihalter breit * Yellow;6;8,00
8025;Stabkerzenverpackung  Wild Candles * Camäleon;6;8,00
6128;Wild Candles * Chameleon;6;8,00
6129;Wild Candles * Crocodile;6;8,00
6130;Wild Candles * Jaguar;6;8,00
1210;Armband;6;7,00
1450;Armband;6;7,00
1329;Dip Dye Bling-Bling Skinny * Aurora;6;7,00
1330;Dip Dye Bling-Bling Skinny * Fortuna;6;7,00
1328;Dip Dye Bling-Bling Skinny * Juno;6;7,00
1295;Dip Dye Neon * Adorable Sweetheart;6;7,00
1290;Dip Dye Neon * April shower;6;7,00
1289;Dip Dye Neon * Awaking  bloom;6;7,00
6002;Dip Dye Neon * Coral Playa;6;7,00
6096;Dip Dye Neon * Dirty Cabo;6;7,00
6107;Dip Dye Neon * Dirty Rio;6;7,00
6009;Dip Dye Neon * Fairy Tale;6;7,00
6022;Dip Dye Neon * Flamingo Cake;6;7,00
6024;Dip Dye Neon * Flamingo Cookies;6;7,00
6025;Dip Dye Neon * Flamingo Dreams;6;7,00
6023;Dip Dye Neon * Flamingo Feathers;6;7,00
6104;Dip Dye Neon * Forever Tulum;6;7,00
1301;Dip Dye Neon * Gorgeous Honeymoon;6;7,00
6007;Dip Dye Neon * Green Splash;6;7,00
6012;Dip Dye Neon * Lollipop Trees;6;7,00
6103;Dip Dye Neon * Lovin´ South Beach;6;7,00
6035;Dip Dye Neon * Papaya Pebbles;6;7,00
6028;Dip Dye Neon * Papaya Rock;6;7,00
6003;Dip Dye Neon * Papaya Sand;6;7,00
1293;Dip Dye Neon * Pastel Tulips;6;7,00
6017;Dip Dye Neon * Peppermint Cherries;6;7,00
6018;Dip Dye Neon * Peppermint Tower;6;7,00
6005;Dip Dye Neon * Pink Infusion;6;7,00
6015;Dip Dye Neon * Pink Unicorn;6;7,00
6031;Dip Dye Neon * Plum Mousse;6;7,00
6033;Dip Dye Neon * Racing Husky;6;7,00
6014;Dip Dye Neon * Rainbow Drops;6;7,00
6010;Dip Dye Neon * Rainbow Kisses;6;7,00
1288;Dip Dye Neon * Relaxing Retreat;6;7,00
6037;Dip Dye Neon * Sorbet Flavour;6;7,00
6027;Dip Dye Neon * Spring Sorbet;6;7,00
6006;Dip Dye Neon * Summer Breeze;6;7,00
6106;Dip Dye Neon * Valentine Bunny;6;7,00
6092;Dip Dye Neon * Valentine Kitty;6;7,00
6021;Dip Dye Neon * Vanilla Sky;6;7,00
6105;Dip Dye Neon * Watermelon Coast;6;7,00
6082;Dip Dye Neon * Welcome Paradise;6;7,00
2424;Dip Dye Skinny * Blazing Flame;6;7,00
6248 ;Dip Dye Skinny * Blazing Flame ;6;7,00
1133;Dip Dye Skinny * I love you berry much;6;7,00
1138;Dip Dye Skinny * I love you so matcha;6;7,00
1281;Dip Dye Skinny * You are the apple of my pie;6;7,00
1137;Dip Dye Skinny * You are the honey to my bee;6;7,00
1135;Dip Dye Skinny * You are the icing on my cake;6;7,00
1136;Dip Dye Skinny * You are the peanut butter to my jelly;6;7,00
1132;Dip Dye Skinny * You are the sunshine on a cloudy day;6;7,00
1134;Dip Dye Skinny * You complete my puzzle;6;7,00
6065;Dip Dye Konfetti * Baby Blues;6;6,00
6063;Dip Dye Konfetti * Boys;6;6,00
6233;Dip Dye Konfetti * Colour Bouquet;6;6,00
6062;Dip Dye Konfetti * Girls;6;6,00
6232;Dip Dye Konfetti * Light Hibiscus;6;6,00
6085;Dip Dye Konfetti * Natural Bronze;6;6,00
6234;Dip Dye Konfetti * Pastell Babies;6;6,00
6086;Dip Dye Konfetti * Pineapple House;6;6,00
6061;Dip Dye Konfetti * Rainbow;6;6,00
6064;Dip Dye Konfetti * Sorbet Babies;6;6,00
6145;Dip Dye Miami Edition * Blue;6;6,00
1339;Dip Dye Miami Edition * Jade;6;6,00
1338;Dip Dye Miami Edition * Lilac;6;6,00
1341;Dip Dye Miami Edition * Ocean;6;6,00
6144;Dip Dye Miami Edition * Pink;6;6,00
1340;Dip Dye Miami Edition * Purple;6;6,00
6146;Dip Dye Miami Edition * Yellow;6;6,00
1325;Dip Dye Skinny * Incredible Soul;6;6,00
1326;Dip Dye Skinny * Legendary Pleasure;6;6,00
1327;Dip Dye Skinny * Marvelous Pillow;6;6,00
2154;Fischanhänger Mix;6;6,00
2158;Hasen-Anhänger Mix;6;6,00
2156;Herzerl-Anhänger Mix;6;6,00
1845;Konfetti/Gmund Matt 11/300g/Folico 6639;6;6,00
1846;Konfetti/Gmund Used 6/300g/Folico 6638;6;6,00
1209;Meeres-Anhänger Waves pink;6;6,00
2122;Meeres-Anhänger Waves pink;6;6,00
2155;Meeresanhänger Mix;6;6,00
1285;Skinny * Black;6;6,00
1286;Skinny * Chrome;6;6,00
1287;Skinny * Gold;6;6,00
2151;Sternenanhänger Mix;6;6,00
2112;Sternenanhänger neonpink;6;6,00
2153;Summer-of-Love-Anhänger Mix;6;6,00
2116;Weihnachtsanhänger Mix;6;6,00
2106;Weihnachtsanhänger neonpink;6;6,00
2440;3-D Druck Fuß L;6;5,90
2458;Dip Dye Neon * Double Curly;1;5,00
1948;L - Halter * Black;1;5,00
1965;L - Halter * Cosmic Coral;1;5,00
1950;L - Halter * Cosmic Violet;1;5,00
1963;L - Halter * Lilac;1;5,00
1986;L - Halter * Mint;1;5,00
1964;L - Halter * Pink;1;5,00
1967;L - Halter * White;1;5,00
1966;L - Halter * Yellow;1;5,00
2441;3-D Druck Fuß M;6;4,90
6049;Dip Dye Marble * Juicy Hurricane;6;4,00
1886;Dip Dye Special * Deliciously Dreamy;6;4,00
2214;Dip Dye Special * Triple Curly;6;4,00
6260;Fitter * Black;6;4,00
1533;Fitter * Coral;6;4,00
1469;Fitter * Lilac;6;4,00
1534;Fitter * Mint;6;4,00
6261;Fitter * Pink;6;4,00
6259;Fitter * White;6;4,00
1470;Fitter * Yellow;6;4,00
1030;Private Label Glitzereffekt 2 Stabkerzen inkl. Verpackung;1;4,00
1025;Private Label Marmoreffekt 2 Stabkerzen inkl. Verpackung;1;4,00
2038;Pulverbeschichtung  Regal und Kerzenständer;1;4,00
1440;Rainbow Studio * 1er Stumpe DIVINE;12;4,00
1439;Rainbow Studio * 1er Stumpe GROOVY;12;4,00
1438;Rainbow Studio * 1er Stumpe PURPLE;12;4,00
1437;Rainbow Studio * 1er Stumpe SPLENDID;12;4,00
1444;Rainbow Studio * 2er Stumpe BONNY;12;4,00
1441;Rainbow Studio * 2er Stumpe FLOWERY;12;4,00
1442;Rainbow Studio * 2er Stumpe MAGNIFIC;12;4,00
1443;Rainbow Studio * 2er Stumpe SCENIC;12;4,00
1436;Rainbow Studio * Curly BOFFO;12;4,00
1435;Rainbow Studio * Curly FAB;12;4,00
1434;Rainbow Studio * Curly SHINY;12;4,00
1446;Rainbow Studio * Easter Eggs;12;4,00
1427;Rainbow Studio * Stabkerze 2er Set FLASHY;12;4,00
1424;Rainbow Studio * Stabkerze 2er Set FOXY;12;4,00
1423;Rainbow Studio * Stabkerze 2er Set LOVELY;12;4,00
1422;Rainbow Studio * Stabkerze 2er Set SNAZZY;12;4,00
1426;Rainbow Studio * Stabkerze 2er Set SPLASHY;12;4,00
1425;Rainbow Studio * Stabkerze 2er Set WILY;12;4,00
1445;Rainbow Studio * Swirl BOBBY;12;4,00
1432;Rainbow Studio * Twisted 2er Set BRILLIANT;12;4,00
1433;Rainbow Studio * Twisted 2er Set CATCHY;12;4,00
1429;Rainbow Studio * Twisted 2er Set CHICHI;12;4,00
1428;Rainbow Studio * Twisted 2er Set FANCY;12;4,00
1431;Rainbow Studio * Twisted 2er Set GLITZY;12;4,00
1430;Rainbow Studio * Twisted 2er Set SHOWY;12;4,00
2442;3-D Druck Fuß S;6;3,90
1010;Lama Grande * Amaya;1;3,25
1727;Lama Grande * Angela;1;3,25
1011;Lama Grande * Ariana;1;3,25
1012;Lama Grande * Camila;1;3,25
1013;Lama Grande * Luciana;1;3,25
1014;Lama Grande * Miren;1;3,25
1216;Lama Grande * Noelia;1;3,25
1629;Lama Grande * Renata;1;3,25
1625;Lama Grande * Trinidad;1;3,25
1015;Lama Grande * Valeria;1;3,25
1265;Stempel Grüße aus (gelb);1;3,25
3270;* Ananas;6;3,00
3529;* Bussi;6;3,00
3507;* Eichhörnchen;6;3,00
3305;* Eis;6;3,00
3505;* Elch neonpink;6;3,00
2013;* Elch petrol;6;3,00
3565;* Engel;6;3,00
3501;* Geschenk;6;3,00
2187;* Häschen;6;3,00
3310;* Hase;6;3,00
3314;* Hasenpaar;6;3,00
3262;* Heißluftballon;6;3,00
3300;* Herz;6;3,00
3271;* Hummer;6;3,00
3503;* Kugel;6;3,00
3903;* Lucky Cat;6;3,00
3277;* Mama;6;3,00
3546;* Moin;6;3,00
3309;* Monstera;6;3,00
3278;* Papa;6;3,00
3101;* Peace;6;3,00
3306;* Qualle;6;3,00
3502;* Schneeflocke;6;3,00
2012;* Schneekristall gelb;6;3,00
3500;* Schneekristall pink;6;3,00
3548;* Spazl;6;3,00
1782;* Stern;6;3,00
3508;* Stern neonorange;6;3,00
3509;* Stern neonpink;6;3,00
2171;* Super Cool;6;3,00
2170;* Super Cute;6;3,00
2173;* Super Dad;6;3,00
2174;* Super Hero;6;3,00
2169;* Super Love;6;3,00
2172;* Super Mom;6;3,00
2176;* Super Opa;6;3,00
2175;* Super Star;6;3,00
3504;* Tanne;6;3,00
3307;* Wal;6;3,00
3313;* Zwei Hasen;6;3,00
2177;*Super Oma;6;3,00
1238;10er Pack Hasenanhänger;6;3,00
3267;Alles Liebe * Bussi Elefanten;6;3,00
3319;Alles Liebe * Dackel;6;3,00
3297;Alles Liebe * Eis;6;3,00
3266;Alles Liebe * Herz;6;3,00
3321;Alles Liebe * Monstera;6;3,00
3473;Alles wird gut * Pompom Regenbogen;6;3,00
2522;Baby Boom! * blue;6;3,00
3275;Be my Valentine * Bussielefanten;6;3,00
3274;Be my Valentine * Herz;6;3,00
3363;Be your own rainbow * Pompoms;6;3,00
3065;Birthday Splash Flieder;6;3,00
3039;Birthday Splash Jade;6;3,00
3032;Birthday Splash Pink;6;3,00
2184;Birthday Splash Spring;6;3,00
3059;Birthday Splash Violett;6;3,00
3226;Black * Squirrel;6;3,00
3345;Black Jungle * Monstera;6;3,00
3342;Black Jungle * Palme;6;3,00
3083;Bussi Bussi* Emoji;6;3,00
3400;Cheers * Cocktail;6;3,00
3069;Cheers* Martini;6;3,00
3238;Cosmic Birthday * Planet;6;3,00
3340;Danke * Eis;6;3,00
3331;Danke * Herz;6;3,00
1536;Einladung * Cupcake;6;3,00
3902;Einladung * Martini;6;3,00
2144;Flashy Birthday Wishes * Flash blau;6;3,00
2138;Flashy Birthday Wishes * Flash lila;6;3,00
2139;Flashy Birthday Wishes * Flash magenta;6;3,00
2142;Flashy Birthday Wishes * Flash neon gelb;6;3,00
2141;Flashy Birthday Wishes * Flash neon rot;6;3,00
2140;Flashy Birthday Wishes * Flash orange;6;3,00
2143;Flashy Birthday Wishes * Flash pink;6;3,00
3288;Frohe Ostern * Hase;6;3,00
3287;Frohe Ostern * Hasenpaar;6;3,00
3570;Frohe Ostern * Zwei Hasen;6;3,00
2186;Frohe Ostern! * Häschen;6;3,00
3483;Frohe Weihnachten gold * Baum;6;3,00
3487;Frohe Weihnachten gold * Eichhörnchen;6;3,00
3564;Frohe Weihnachten Gold * Engel;6;3,00
3292;Für Mama * Blumenstrauß;6;3,00
3281;Für Mama * Herz;6;3,00
3276;Für Mama * MamaBabyElefant;6;3,00
3290;Für Papa * Bulli;6;3,00
3066;Good Luck* Lucky Cat;6;3,00
3601;Grüße aus München * Bier;6;3,00
3530;Grüße aus München * Breze;6;3,00
4090;Grüße aus München * Dackel;6;3,00
3381;Grüße aus München * Lederhose Holz;6;3,00
2003;Gute Besserung * Eis;6;3,00
3092;Gute Reise * Lounger;6;3,00
3091;Gute Reise * Sunglasses;6;3,00
3282;Gutschein * Dollar;6;3,00
3254;Gutschein * Geschenk;6;3,00
2493;Hang Me Happy * Anker;6;3,00
2491;Hang Me Happy * Bier;6;3,00
2490;Hang Me Happy * Breze;6;3,00
2492;Hang Me Happy * Dackel;6;3,00
2516;Hang Me Happy * Herz blush;6;3,00
2496;Hang Me Happy * Herz pink;6;3,00
2515;Hang Me Happy * Herz rot;6;3,00
2524;Hang Me Happy * Herz yellow;6;3,00
2495;Hang Me Happy * Hummer;6;3,00
2494;Hang Me Happy * Wal;6;3,00
1220;Happy Birthday * Dackel;6;3,00
3257;Happy Birthday * Palme;6;3,00
3224;Happy Birthday * Seepferdchen;6;3,00
3067;Happy Birthday * Shark;6;3,00
2189;Happy Birthday Cowgirl! * Hat;6;3,00
2191;Happy Birthday, Cowboy! * Boot;6;3,00
2196;Happy Birthday, Cowboy! * Hat;6;3,00
2193;Happy Birthday, Cowgirl! * Boot;6;3,00
3086;Happy Birthday* Cake;6;3,00
3085;Happy Birthday* Cupcake;6;3,00
3661;Happy Easter * Hase;6;3,00
3620;Happy Easter * Hasenpaar;6;3,00
2185;Happy Easter! * Häschen;6;3,00
3289;Happy New Year * Schwein;6;3,00
3247;Hello Baby * Babywal;6;3,00
3280;Hello Baby * Elefant;6;3,00
3283;Hello Baby * MamaBabyElefant;6;3,00
3284;Hello Baby * Schnuller;6;3,00
1701;Hello Baby * Wal;6;3,00
3263;Herzliche Glückwünsche * Ballon;6;3,00
3323;Herzliche Glückwünsche * Dackel;6;3,00
3322;Herzliche Glückwünsche * Eis;6;3,00
3299;Herzliche Glückwünsche * Palme;6;3,00
3465;Hipp Hipp Hurraaa * 25;6;3,00
3453;Hipp Hipp Hurraaa * 3;6;3,00
3456;Hipp Hipp Hurraaa * 4;6;3,00
3454;Hipp Hipp Hurraaa * 5;6;3,00
3460;Hipp Hipp Hurraaa * 8;6;3,00
3467;Hipp Hipp Hurraaa * Luftballon;6;3,00
3471;Hipp Hipp Hurraaa * Luftballons;6;3,00
3538;Hipp Hipp Hurraaa * Oma;6;3,00
3539;Hipp Hipp Hurraaa * Opa;6;3,00
3474;Hipp Hipp Hurraaa * Pompom Regenbogen;6;3,00
2513;Holiday Keepers * Angel;6;3,00
2514;Holiday Keepers * Ball;6;3,00
2509;Holiday Keepers * Snow;6;3,00
2512;Holiday Keepers * Squirrel;6;3,00
2510;Holiday Keepers * Star;6;3,00
2511;Holiday Keepers * Tree;6;3,00
2190;Howdy! * Boot pink;6;3,00
2192;Howdy! * Boot yellow;6;3,00
3090;Jungle * Cocktail;6;3,00
3344;Jungle * Monstera;6;3,00
3087;Kiss Kiss* Kiss;6;3,00
2523;Little Fish * blue;6;3,00
2521;Little Fish * pink;6;3,00
3333;Love you * Herz;6;3,00
3244;Make a Wish * Ballon;6;3,00
3600;Make a wish * Pompom Regenbogen;6;3,00
3900;Merry Christmas * Baum;6;3,00
3240;Merry Christmas * Eichhörnchen;6;3,00
2005;Merry Christmas * Elch metallic;6;3,00
3413;Merry Christmas * Elch orange;6;3,00
2014;Merry Christmas * Elch pink;6;3,00
3911;Merry Christmas * Geschenk;6;3,00
3917;Merry Christmas * Schneekristall;6;3,00
3915;Merry Christmas * Stern;6;3,00
3499;Merry Christmas Blau * Christbaum;6;3,00
3494;Merry Christmas Blau * Kugel;6;3,00
3479;Merry Christmas gold * Elch;6;3,00
1783;Merry Christmas gold * Engel;6;3,00
3493;Merry Christmas gold * Kugel;6;3,00
3480;Merry Christmas gold * Schneekristall;6;3,00
3540;Relax * Yogi;6;3,00
2518;Smile Drop * blue;6;3,00
2520;Smile Drop * orange;6;3,00
2517;Smile Drop * pink;6;3,00
2519;Smile Drop * yellow;6;3,00
3071;Smile* Smiley;6;3,00
2183;smiley* coral;6;3,00
2182;smiley* magenta;6;3,00
2178;smiley* neon rot;6;3,00
2181;smiley* pink;6;3,00
2179;smiley* purple;6;3,00
2180;smiley* rosa;6;3,00
2502;Stellar Greetings * bronze;6;3,00
2498;Stellar Greetings * curry;6;3,00
2497;Stellar Greetings * green;6;3,00
2500;Stellar Greetings * mint;6;3,00
2501;Stellar Greetings * pink;6;3,00
2499;Stellar Greetings * yellow;6;3,00
1039;Tinted Alles Liebe Gelb;6;3,00
3901;Tinted Alles Liebe Pink;6;3,00
2188;Tinted Alles Liebe Spring;6;3,00
3170;Tinted Alles Liebe Violett;6;3,00
3416;Tinted Christmas Balls;6;3,00
1008;Tinted Glückwünsche Gelb;6;3,00
3221;Tinted Herzliche Glückwünsche Flieder;6;3,00
2025;Tinted Joyeux Anniversaire Flieder;6;3,00
2024;Tinted Joyeux Anniversaire Gelb;6;3,00
2023;Tinted Joyeux Anniversaire neongelb;6;3,00
2022;Tinted Joyeux Anniversaire Violett;6;3,00
2027;Tinted Joyeux Noel Balls;6;3,00
2026;Tinted Joyeux Noel Grün;6;3,00
3472;Tinted Merry Christmas Grün;6;3,00
3927;Tinted Merry Christmas Violett;6;3,00
3237;Tinted Weihnachtskugeln;6;3,00
2030;Tinted Weihnachtskugeln Joyeux Anni;6;3,00
2507;Tree Drop * black;6;3,00
2506;Tree Drop * bronze;6;3,00
2504;Tree Drop * magenta;6;3,00
2508;Tree Drop * neon red;6;3,00
2505;Tree Drop * orange;6;3,00
2503;Tree Drop * petrol;6;3,00
3089;Viel Glück* Winkekatze;6;3,00
3338;Viele Grüße * Breze;6;3,00
3337;Viele Grüße * Dackel;6;3,00
3353;Waves * Anker;6;3,00
3076;XOXO* Herz;6;3,00
2194;Yeehaw! * Boot;6;3,00
2195;Yeehaw! * Hat;6;3,00
3075;You are magic* Kitty;6;3,00
2160;you´ve got the power* flash blue;6;3,00
2146;you´ve got the power* flash lilac;6;3,00
2147;you´ve got the power* flash magenta;6;3,00
2148;you´ve got the power* flash mint;6;3,00
2145;you´ve got the power* flash purple;6;3,00
3343;Zum Abschied * Herz;6;3,00
3357;Zur Firmung * Fischschwarm;6;3,00
3356;Zur Firmung * Kreuz;6;3,00
3252;Zur Hochzeit * Bussi Elefanten;6;3,00
3286;Zur Hochzeit * Zwei Herzen;6;3,00
3359;Zur Kommunion * Fischschwarm;6;3,00
3360;Zur Konfirmation * Fischschwarm;6;3,00
3245;Zur Taufe * Babywal;6;3,00
3273;Zur Taufe * Fischschwarm;6;3,00
2036;Pulverbeschichtung  Trays;6;2,90
1562;Lama Medio * Abel;6;2,75
1561;Lama Medio * Ademir;6;2,75
1559;Lama Medio * Aitor;6;2,75
1017;Lama Medio * Alejandro;6;2,75
1018;Lama Medio * Alvaro;6;2,75
1019;Lama Medio * Amaru;6;2,75
1021;Lama Medio * Arturo;6;2,75
1022;Lama Medio * Cesar;6;2,75
1024;Lama Medio * Enrique;6;2,75
1556;Lama Medio * Esteban;6;2,75
1027;Lama Medio * Francisco;6;2,75
1028;Lama Medio * Gabriel;6;2,75
1558;Lama Medio * Gianfranco;6;2,75
1560;Lama Medio * Giomar;6;2,75
1029;Lama Medio * Gonzalo;6;2,75
1033;Lama Medio * Ignacio;6;2,75
1557;Lama Medio * Isai;6;2,75
1035;Lama Medio * Joaquin;6;2,75
1036;Lama Medio * Jose;6;2,75
1038;Lama Medio * Luis;6;2,75
1041;Lama Medio * Octavio;6;2,75
1042;Lama Medio * Pablo;6;2,75
1045;Lama Medio * Raul;6;2,75
1047;Lama Medio * Roberto;6;2,75
1049;Lama Medio * Santiago;6;2,75
1050;Lama Medio * Stefano;6;2,75
1051;Lama Medio * Victor;6;2,75
1599;Snuggies (anthrazit);6;2,50
1598;Snuggies (weiss);6;2,50
3177;Ananas Blau - Thank you;6;2,25
3178;Ananas Flieder - Sorry;6;2,25
3176;Ananas Gelb - Rock it;6;2,25
3181;Ananas Mint - Don´t be mad;6;2,25
3180;Ananas Pink - Happy Birthday;6;2,25
3179;Ananas Violett - To:;6;2,25
3049;Arc de Triomphe;6;2,25
1371;Bauhaus Birthday lilac;6;2,25
3030;Bauhaus Birthday orange;6;2,25
1372;Bauhaus Birthday pink;6;2,25
6160;Bauhaus Formen;6;2,25
3022;Bauhaus Formen 1;6;2,25
3027;Bauhaus Formen 2;6;2,25
3028;Bauhaus Formen 3;6;2,25
3415;Bauhaus Formen 4;6;2,25
3437;Bauhaus Formen 5;6;2,25
3171;Bauhaus Formen 6;6;2,25
3088;Bauhaus Formen 7;6;2,25
3094;Bauhaus Formen 8;6;2,25
3068;Bauhaus Formen 9;6;2,25
1392;Bauhaus Quadrat 1;6;2,25
2260;Bauhaus Quadrat 2;6;2,25
3017;Bauhaus Quadrat 3;6;2,25
3239;Bauhaus Quadrat 4;6;2,25
3169;Bauhaus Quadrat 5;6;2,25
3916;Bauhaus Quadrat 6;6;2,25
3011;Brooklyn Bridge;6;2,25
3029;Bubble Birthday babyrosa-pink;6;2,25
2043;Bubble Birthday babyrosa-rosa;6;2,25
1080;Bubble Birthday gold;6;2,25
2033;Bubble Birthday goldorange;6;2,25
3185;Bubble Birthday lila;6;2,25
3036;Bubble Birthday mint;6;2,25
1081;Bubble Birthday neongelb;6;2,25
1079;Bubble Birthday neongrün;6;2,25
2034;Bubble Birthday neonpink;6;2,25
1391;Bubble Birthday türkis;6;2,25
1360;Congratulations;6;2,25
3051;Echse coralle;6;2,25
3630;Echse hellblau;6;2,25
3050;Echse neongrün;6;2,25
3166;Echse neonpink;6;2,25
3052;Echse neonrot;6;2,25
3641;Echse petrol;6;2,25
3406;Eichhörnchen Bubble bubblegum;6;2,25
3012;Eichhörnchen Bubble gold;6;2,25
1196;Eichhörnchen Bubble mint;6;2,25
1197;Eichhörnchen Bubble pink;6;2,25
1672;Eichhörnchen Bubble türkis;6;2,25
3407;Eichhörnchen Sterne bubblegum;6;2,25
3106;Eichhörnchen Sterne FW pink;6;2,25
1002;Eichhörnchen Sterne gold;6;2,25
3409;Eichhörnchen Sterne mint;6;2,25
3408;Eichhörnchen Sterne purple;6;2,25
3046;Eiffelturm;6;2,25
3045;Eis am Stiel;6;2,25
3140;Frohe Ostern;6;2,25
1375;Frohe Ostern craft;6;2,25
3155;Frohe Ostern Foto;6;2,25
2404;Frohe Ostern Foto lilac;6;2,25
3141;Frohe Ostern Foto pink;6;2,25
3154;Frohe Ostern Foto yellow;6;2,25
1377;Frohe Ostern mint;6;2,25
3158;Frohe Ostern orange;6;2,25
1376;Frohe Ostern pink;6;2,25
1199;Griaß Di und servus aus München;6;2,25
3172;Hamburg Elphi;6;2,25
1345;Happy Birthday Circles;6;2,25
1364;Happy Birthday jade;6;2,25
1365;Happy Birthday mustard;6;2,25
2168;Happy Birthday Super dad neon rot;6;2,25
2166;Happy Birthday Super Mom magenta;6;2,25
2167;Happy Birthday Super Mom pink;6;2,25
3153;Happy Easter;6;2,25
1373;Happy Easter Bunny flieder;6;2,25
1374;Happy Easter Bunny pink;6;2,25
1379;Happy Easter copper;6;2,25
1378;Happy Easter flieder;6;2,25
3157;Happy Easter Foto;6;2,25
3605;happy easter foto orange;6;2,25
3152;Happy Easter Foto pink;6;2,25
1380;Happy Easter orange;6;2,25
3610;happy easter orange blau;6;2,25
3156;Happy Easter pink;6;2,25
3609;happy easter yellow;6;2,25
1363;Happy Happy flieder;6;2,25
1362;Happy Happy mint;6;2,25
3120;Happy Palme mint;6;2,25
3121;Happy Palme petrol;6;2,25
1355;Hello Baby blau;6;2,25
1354;Hello Baby flieder;6;2,25
3135;Hello Sunshine;6;2,25
1357;Hello you;6;2,25
1503;HEY;6;2,25
1352;Hey you, pretty;6;2,25
3401;Hip Hooray gelb;6;2,25
3100;Hip Hooray pink;6;2,25
3037;Holá;6;2,25
1348;Hugs & kisses flieder;6;2,25
3053;Hummer coralle;6;2,25
3650;Hummer mint;6;2,25
3139;Hummer neongrün;6;2,25
3055;Hummer neonpink;6;2,25
3054;Hummer neonrot;6;2,25
3099;Hummer petrol;6;2,25
1369;Jaguar blue;6;2,25
3056;Jaguar gold;6;2,25
3058;Jaguar neonorange;6;2,25
3057;Jaguar senf-black;6;2,25
2042;Jaguar senf-pink;6;2,25
3134;Jungle Danke blau;6;2,25
3623;Jungle Danke Kupfer;6;2,25
3136;Jungle Danke mint;6;2,25
3398;Jungle Happy blau;6;2,25
3399;Jungle Happy mint;6;2,25
3128;Jungle Orange Danke;6;2,25
3102;Karte;6;2,25
3104;Karte;6;2,25
3109;Karte;6;2,25
3122;Karte;6;2,25
3123;Karte;6;2,25
3124;Karte;6;2,25
3125;Karte;6;2,25
3126;Karte;6;2,25
3129;Karte;6;2,25
3130;Karte;6;2,25
3131;Karte;6;2,25
3137;Karte;6;2,25
3138;Karte;6;2,25
3167;Karte;6;2,25
3168;Karte;6;2,25
3061;Lama Kisses black;6;2,25
1052;Lama Mini * Arequipa;6;2,25
1563;Lama Mini * Chiclayo;6;2,25
1567;Lama Mini * Huancayo;6;2,25
1016;Lama Mini * Huaraz;6;2,25
1065;Lama Mini * Ica;6;2,25
1054;Lama Mini * Iquitos;6;2,25
1055;Lama Mini * Juliaca;6;2,25
1061;Lama Mini * Lima;6;2,25
1056;Lama Mini * Mala;6;2,25
1057;Lama Mini * Piura;6;2,25
1566;Lama Mini * Pucallpa;6;2,25
1058;Lama Mini * Puno;6;2,25
1059;Lama Mini * Sullana;6;2,25
1564;Lama Mini * Tacna;6;2,25
1060;Lama Mini * Talara;6;2,25
1565;Lama Mini * Trujillo;6;2,25
3026;Leguan Pinky;6;2,25
3174;Lettertanne gold;6;2,25
3199;Lettertanne neongelb;6;2,25
3175;Lettertanne neongrün;6;2,25
2244;Lettertanne neonorange;6;2,25
3008;Lettertanne neonpink;6;2,25
1208;Lettertanne petrol;6;2,25
1347;Love is in the Air pink;6;2,25
1346;Love is in the Air rot;6;2,25
1350;Love you more than ice cream;6;2,25
3018;Manhatten;6;2,25
1366;Merci;6;2,25
3048;Moulin Rouge;6;2,25
3007;München Icon;6;2,25
1206;München Icon Black;6;2,25
3047;Notre Dame;6;2,25
3093;OH;6;2,25
1370;Oh Happy Day;6;2,25
3127;Orange Jungle Happy;6;2,25
3183;Petroltanne gold;6;2,25
3394;Petroltanne neongelb;6;2,25
3395;Petroltanne neongrün;6;2,25
1007;Petroltanne neonorange;6;2,25
3182;Petroltanne neonpink;6;2,25
3000;Petroltanne petrol;6;2,25
3044;Popsicle;6;2,25
3405;Printemps 4er Set II;6;2,25
3014;Qualle;6;2,25
3015;Qualle Deep Sea;6;2,25
1891;Qualle Deep Sea Pink;6;2,25
3024;Qualle Neonpink;6;2,25
3009;"Riesenrad ""Ois Guade";6;2,25
3023;Sardinen;6;2,25
3038;Sardinen Glückwünsche;6;2,25
1789;Sardinen Glückwünsche rosa;6;2,25
3016;Sardinen Moin Mint;6;2,25
3173;Sardinen Violett;6;2,25
3214;Sending Love;6;2,25
1224;Squirrel Bubble bubblegum;6;2,25
3013;Squirrel Bubble gold;6;2,25
1004;Squirrel Bubble magenta;6;2,25
3209;Squirrel Bubble mint;6;2,25
3211;Squirrel Bubble neonpink;6;2,25
1005;Squirrel Bubble violet;6;2,25
1006;Squirrel Stars bubblegum;6;2,25
1003;Squirrel Stars burnt orange;6;2,25
1221;Squirrel Stars electric red;6;2,25
1222;Squirrel Stars gold;6;2,25
1225;Squirrel Stars lavender;6;2,25
1223;Squirrel Stars mint;6;2,25
3210;Squirrel Stars pink;6;2,25
2164;Super dad blue;6;2,25
2165;Super dad mint;6;2,25
2162;Super mom orange;6;2,25
2161;Super mom pink;6;2,25
2163;Super mom rosa;6;2,25
2197;Super mom white;6;2,25
3041;Supernova French neongrün;6;2,25
3159;Supernova French neonorange;6;2,25
3161;Supernova French neonpink;6;2,25
3164;Supernova gold;6;2,25
3162;Supernova neongelb;6;2,25
3042;Supernova neongrün;6;2,25
3043;Supernova neonorange;6;2,25
3160;Supernova neonpink;6;2,25
3403;Supernova petrol;6;2,25
1359;Surprise coralle;6;2,25
1358;Surprise violett;6;2,25
2261;Tanne pink;6;2,25
1361;Thanks a lot;6;2,25
3063;The Funk coralle;6;2,25
3062;The Funk violett;6;2,25
3108;Tukan;6;2,25
3097;Tulpenallee Alles Liebe coralle;6;2,25
3001;W. Baum gold;6;2,25
3186;W. Baum mauve;6;2,25
3213;W. Baum midnight blue;6;2,25
3002;W. Baum mint;6;2,25
3143;W. Baum neongrün;6;2,25
3003;W. Baum neonorange;6;2,25
3212;W. Baum neonpink;6;2,25
3236;W. Baum petrol;6;2,25
1781;W. Baum violett;6;2,25
3004;W. Stern gold;6;2,25
3020;W. Stern mauve;6;2,25
1198;W. Stern midnight blue;6;2,25
3005;W. Stern mint;6;2,25
3184;W. Stern neongrün;6;2,25
2235;W. Stern neonorange;6;2,25
3115;W. Stern neonpink;6;2,25
3006;W. Stern neonpink-gold;6;2,25
3010;W. Stern violett;6;2,25
1356;Welcome Baby;6;2,25
1529;Wishes Mustard;6;2,25
1504;WOW;6;2,25
1202;WOW PURPLE;6;2,25
3033;Wunschpunkte;6;2,25
3021;xxx;6;2,25
3035;xxx;6;2,25
3064;xxx;6;2,25
3084;xxx;6;2,25
1201;YAY;6;2,25
1203;YEAH;6;2,25
1502;YES;6;2,25
1351;You are my sunshine;6;2,25
1353;You are so loved;6;2,25
6302;Matches * Cobalt Explosion;6;2,00
2073;"Matches * Pink ""Are you on Fire"" Give Away";6;2,00
6300;Matches * Pink Fire;6;2,00
6301;Matches * Violet Bonfire;6;2,00
1020;Stabkerze 210x21 Reisseffekt;6;1,75
2037;Pulverbeschichtung  L- und Kombihalter;6;1,50
1383;Stumpenkerze 120/60 B2B 2. Wahl;6;1,30
1023;Stabkerze 210x21 Glitzereffekt;6;1,25
1009;Stabkerze 210x21 Marmoreffekt;6;1,25
1072;Stumpenkerze 80/40 Glitzereffekt;6;1,25
1384;Stumpenkerze 100/50 B2B 2. Wahl;6;1,15
2035;Pulverbeschichtung  Boob, Cube und Tube;6;1,10
1385;Stumpenkerze 80/40 B2B 2. Wahl;6;1,00
1026;Private Label Reisseffekt 2 Stabkerzen inkl. Verpackung;6;0,75
1382;Stabkerze B2B 2. Wahl;6;0,75
2032;Pulverbeschichtung  Fitter;6;0,60
8001;1er Stumpenkerzenverpackung 62 x 62 x 128 mm;6;0,00
8026;1er Stumpenverpackung * Glitter;6;0,00
8002;2er Stumpenkerzenverpackung 102 x 51 x 108;6;0,00
8003;3er Stumpenkerzenverpackung;6;0,00
1096;Baumkerzen 100/13;6;0,00
1408;Baumkerzen 105/13 halbgelackt;6;0,00
8005;Bubble Kerzenverpackung Neongelb 62 x 62 x 62 mm;6;0,00
1695;Bubble Kerzenverpackung Neonorange 62 x 62 x 62 mm;6;0,00
1694;Bubble Kerzenverpackung Neonpink 62 x 62 x 62 mm;6;0,00
1242;Druckbogen Design Offset Creme 300 g/qm 1020x720;6;0,00
1240;E-Welle 660x1000x1,7 weiß/braun;6;0,00
1101;Eierkerzen;6;0,00
8051;Einheitenkarton 1er Stumpenkerzen 195 x 265 x 65 mm;6;0,00
8052;Einheitenkarton 2er Stumpenkerzen 315 x 220 x 55 mm;6;0,00
8053;Einheitenkarton 3er Stumpenkerzen 255 x 275 x 45 mm;6;0,00
8055;Einheitenkarton Bubble Kerzen 198 mm x 133 mm x 65 mm;6;0,00
8059;Einheitenkarton Glow 368 mm x 248 mm x 135 mm;6;0,00
8066;Einheitenkarton Graphic Lights 225x225x55 mm;6;0,00
8062;Einheitenkarton Juicy / Miami 273 mm x 118 mm x 75 mm;6;0,00
8065;Einheitenkarton Konfetti 178 mm x 118 mm x 50 mm;6;0,00
8060;Einheitenkarton Little Star 148 mm x 118 mm x 90 mm;6;0,00
8063;Einheitenkarton Miami 290 mm x 260 mm x 45 mm;6;0,00
8071;Einheitenkarton RS Curly;6;0,00
8069;Einheitenkarton RS Stabkerzen 485 x 215 x 265 mm;6;0,00
8072;Einheitenkarton RS Stumpe 1er;6;0,00
8073;Einheitenkarton RS Stumpe 2er;6;0,00
8070;Einheitenkarton RS Twisted 415 x 245 x 240 mm;6;0,00
8068;Einheitenkarton Skinny 265 x 170 x 43 mm;6;0,00
8058;Einheitenkarton Sparkle 320 mm x 216 mm x 112 mm;6;0,00
8050;Einheitenkarton Stabkerzen 225 x 140 x 70 mm;6;0,00
8061;Einheitenkarton Stabkerzenverpackung kurz;6;0,00
8064;Einheitenkarton Swirl (alt) 278 mm x 148 mm x 90 mm;6;0,00
8067;Einheitenkarton Swirl (kurz) 315 x 263 x 95 mm;6;0,00
8074;Einheitenkarton Swirl (neu) 310 x 270 x 100 mm;6;0,00
8057;Einheitenkarton Twinkle 185 mm x 162 mm x 126 mm;6;0,00
8054;Einheitenkarton Twisted 232 x 145 x 70 mm;6;0,00
6143;EXCLUSIVE PRINTEMPS SET GREEN AND GOLD;6;0,00
1688;Glitter Stabkerzenverpackung (orange);6;0,00
1687;Glitter Stabkerzenverpackung (orange) alt;6;0,00
1689;Glitter Stabkerzenverpackung (pink);6;0,00
1691;Glitter Xmas Stabkerzenverpackung Gold;6;0,00
1693;Glitter Xmas Stabkerzenverpackung Shatterpink;6;0,00
1692;Glitter Xmas Stabkerzenverpackung Silber;6;0,00
8303;Glitzer Flieder;6;0,00
8305;Glitzer Gold;6;0,00
8301;Glitzer Neon Gelb;6;0,00
8302;Glitzer Neon Orange;6;0,00
8300;Glitzer Neon Rot;6;0,00
8304;Glitzer Phantom Blue (Dunkelblau);6;0,00
8306;Glitzer Silber;6;0,00
8311;Glitzer Violett Prism (Flieder Prism);6;0,00
8200;Glitzerkleber;6;0,00
8009;Glow Kerzenverpackung;6;0,00
1674;Graphic Lights Kerzenverpackung (Dots 2 Löcher);6;0,00
1675;Graphic Lights Kerzenverpackung (Dots großes Loch);6;0,00
1686;Graphic Lights Kerzenverpackung (Lines Grau);6;0,00
1677;Graphic Lights Kerzenverpackung (Lines quer);6;0,00
1679;Graphic Lights Kerzenverpackung (Lines Raster Rot);6;0,00
1680;Graphic Lights Kerzenverpackung (Lines V);6;0,00
1676;Graphic Lights Kerzenverpackung (Streifen rot);6;0,00
1678;Graphic Lights Kerzenverpackung (Waves rot);6;0,00
1241;Graupappe 1000x700x0,55;6;0,00
8012;Juicy Kerzenverpackung 36 x 36 x 265 mm;6;0,00
1100;Kerze Swirl 250mm;6;0,00
1102;Kerze Swirl 290mm (Fehllieferung);6;0,00
1099;Kerze Twisted;6;0,00
1211;Kerzentauchmasse Trudastar;6;0,00
8006;Konfetti Kerzenverpackung 85 x 15 x 110 mm;6;0,00
1093;KTM 23;6;0,00
8010;Little Star Kerzenverpackung;6;0,00
8016;Marble Stabkerzenverpackung 67 x 22;6;0,00
8013;Miami Kerzenverpackung blau 46 x 25 x 265 mm;6;0,00
8042;Miami Kerzenverpackung jade 46 x 25 x 265 mm;6;0,00
8041;Miami Kerzenverpackung lilac 46 x 25 x 265 mm;6;0,00
8043;Miami Kerzenverpackung ocean 46 x 25 x 265 mm;6;0,00
8039;Miami Kerzenverpackung pink 46 x 25 x 265 mm;6;0,00
8044;Miami Kerzenverpackung purple 46 x 25 x 265 mm;6;0,00
8040;Miami Kerzenverpackung yellow 46 x 25 x 265 mm;6;0,00
8100;n/d;6;0,00
1690;Pop Stabkerzenverpackung;6;0,00
1230;Rainbow Studio 1er Verpackung DIVINE;6;0,00
1229;Rainbow Studio 1er Verpackung GROOVY;6;0,00
1232;Rainbow Studio 1er Verpackung PURPLE;6;0,00
1231;Rainbow Studio 1er Verpackung SPLENDID;6;0,00
1234;Rainbow Studio 2er Verpackung BONNY;6;0,00
1233;Rainbow Studio 2er Verpackung FLOWERY;6;0,00
1235;Rainbow Studio 2er Verpackung MAGNIFIC;6;0,00
1236;Rainbow Studio 2er Verpackung SCENIC;6;0,00
1227;Rainbow Studio Curly Verpackung BOFFO;6;0,00
1226;Rainbow Studio Curly Verpackung FAB;6;0,00
1228;Rainbow Studio Curly Verpackung SHINY;6;0,00
8037;Rainbow Studio Twisted Verpackung BRILLIANT;6;0,00
8038;Rainbow Studio Twisted Verpackung CATCHY;6;0,00
8034;Rainbow Studio Twisted Verpackung CHICHI;6;0,00
8033;Rainbow Studio Twisted Verpackung FANCY;6;0,00
8036;Rainbow Studio Twisted Verpackung GLITZY;6;0,00
8035;Rainbow Studio Twisted Verpackung SHOWY;6;0,00
8032;Rainbow Studio Verpackung FLASHY;6;0,00
8029;Rainbow Studio Verpackung FOXY;6;0,00
8028;Rainbow Studio Verpackung LOVELY;6;0,00
8027;Rainbow Studio Verpackung SNAZZY;6;0,00
8031;Rainbow Studio Verpackung SPLASHY;6;0,00
8030;Rainbow Studio Verpackung WILY;6;0,00
1237;Rainbow Studio XMAS Verpackung;6;0,00
1048;Schaumstoff Zuschnitt rot 193x211x2 mm;6;0,00
1046;Schaumstoff Zuschnitt rot 193x90x2 mm;6;0,00
1381;Skinny Rohling, 250/12 mm, weiß;6;0,00
8008;Sparkle Kerzenverpackung;6;0,00
1098;Spiralkerze Curly (Miami);6;0,00
1097;Spiralkerze Juicy (Marble);6;0,00
1103;Spiralkerze Juicy (Marble) XXL;6;0,00
1105;Stabkerze 195/22;6;0,00
1104;Stabkerze 200/22;6;0,00
1094;Stabkerze 210/21;6;0,00
1549;Stabkerze 210/21 gelackt kupfer;6;0,00
1548;Stabkerze 210/21 gelackt perlmutt (1115 0939);6;0,00
1547;Stabkerze 210/21 gelackt rosa (1106 1381);6;0,00
1546;Stabkerze 210/21 gelackt rot (1106 5964);6;0,00
1252;Stabkerze 210/21 halbgeglitzert Blau (1086);6;0,00
1251;Stabkerze 210/21 halbgeglitzert Champagner (1085);6;0,00
1246;Stabkerze 210/21 halbgeglitzert Flieder (8303);6;0,00
1451;Stabkerze 210/21 halbgeglitzert Gold (8305);6;0,00
1243;Stabkerze 210/21 halbgeglitzert Mint (1076);6;0,00
1248;Stabkerze 210/21 halbgeglitzert Neon Flamingo (1082);6;0,00
1250;Stabkerze 210/21 halbgeglitzert Neon Grün (1084);6;0,00
1249;Stabkerze 210/21 halbgeglitzert Neon Pink (1083);6;0,00
1247;Stabkerze 210/21 halbgeglitzert Neon Rot (8300);6;0,00
1245;Stabkerze 210/21 halbgeglitzert Neongelb (8301);6;0,00
1244;Stabkerze 210/21 halbgeglitzert Neonorange (8302);6;0,00
1453;Stabkerze 210/21 halbgeglitzert Phantom Blue (8304);6;0,00
1452;Stabkerze 210/21 halbgeglitzert Silber (8306);6;0,00
1454;Stabkerze 210/21 halbgeglitzert Violet Prism (8311);6;0,00
1393;Stabkerze 210/21 halbgelackt Darkcopper;6;0,00
1568;Stabkerze 210/21 halbgelackt grün (1161 4910);6;0,00
1070;Stabkerze 210/21 halbgelackt Herbstgold/Creamgold (1106 4939);6;0,00
1571;Stabkerze 210/21 halbgelackt perlmutt (1115 0939);6;0,00
1570;Stabkerze 210/21 halbgelackt rosa (1106 1381);6;0,00
1572;Stabkerze 210/21 halbgelackt rot (1106 5964);6;0,00
1073;Stabkerze 210/21 halbgelackt Silber;6;0,00
1068;Stabkerze 210/21 halbgelackt Spiegellack (Nr. 1180 4150);6;0,00
1569;Stabkerze 210/21 halbgelackt violett (1106 5010);6;0,00
1069;Stabkerze 210/21 halbgelackt Weihnachtsgold (1106 233684);6;0,00
1410;Stabkerze Skinny 250/12 halbgelackt Darkcopper;6;0,00
1413;Stabkerze Skinny 250/12 halbgelackt Herbstgold/Creamgold;6;0,00
1409;Stabkerze Skinny 250/12 halbgelackt Silber;6;0,00
1394;Stabkerze Skinny 250/12 halbgelackt Weihnachtsgold;6;0,00
1095;Stabkerze Spitzkopf 210/21 (Polen);6;0,00
8022;Stabkerzenverpackung  Wild Candles * Giraffe;6;0,00
8023;Stabkerzenverpackung  Wild Candles * Jaguar;6;0,00
8024;Stabkerzenverpackung  Wild Candles * Krokodil;6;0,00
8020;Stabkerzenverpackung * Eis;6;0,00
8021;Stabkerzenverpackung * Geschenk;6;0,00
1239;Stabkerzenverpackung 4er black;6;0,00
8000;Stabkerzenverpackung 67 x 22 x 218;6;0,00
8011;Stabkerzenverpackung kurz 70 x 23;6;0,00
8017;Stabkerzenverpackung Private Label 70 x 23;6;0,00
8019;Stabkerzenverpackung Why Neon 70 x 23;6;0,00
1092;Stumpenkerze 1er 120/60;6;0,00
1541;Stumpenkerze 1er 120/60 gelackt kupfer;6;0,00
1540;Stumpenkerze 1er 120/60 gelackt perlmutt (1115 0939);6;0,00
1539;Stumpenkerze 1er 120/60 gelackt rosa (1106 1381);6;0,00
1538;Stumpenkerze 1er 120/60 gelackt rot (1106 5964);6;0,00
1553;Stumpenkerze 1er 120/60 halbgelackt grün (1161 4910);6;0,00
1062;Stumpenkerze 1er 120/60 halbgelackt Herbstgold/Creamgold (1106 4939);6;0,00
1215;Stumpenkerze 1er 120/60 halbgelackt kupfer;6;0,00
1552;Stumpenkerze 1er 120/60 halbgelackt rot (1106 5964);6;0,00
1214;Stumpenkerze 1er 120/60 halbgelackt silber;6;0,00
1071;Stumpenkerze 1er 120/60 halbgelackt Spiegellack (1180 4150);6;0,00
1219;Stumpenkerze 1er 120/60 halbgelackt titan;6;0,00
1040;Stumpenkerze 1er 120/60 halbgelackt Weihnachtsgold (1106 233684);6;0,00
1091;Stumpenkerze 2er 100/50;6;0,00
1545;Stumpenkerze 2er 100/50 gelackt kupfer;6;0,00
1544;Stumpenkerze 2er 100/50 gelackt perlmutt (1115 0939);6;0,00
1543;Stumpenkerze 2er 100/50 gelackt rosa (1106 1381);6;0,00
1542;Stumpenkerze 2er 100/50 gelackt rot (1106 5964);6;0,00
1053;Stumpenkerze 2er 100/50 halbgelackt Herbstgold/Creamgold (1106 4939);6;0,00
1217;Stumpenkerze 2er 100/50 halbgelackt kupfer;6;0,00
1555;Stumpenkerze 2er 100/50 halbgelackt perlmutt (1115 0939);6;0,00
1213;Stumpenkerze 2er 100/50 halbgelackt silber;6;0,00
1218;Stumpenkerze 2er 100/50 halbgelackt titan;6;0,00
1554;Stumpenkerze 2er 100/50 halbgelackt violett (1106 5010);6;0,00
1043;Stumpenkerze 2er 100/50 halbgelackt Weihnachtsgold (1106 233684);6;0,00
1090;Stumpenkerze 3er 80/40;6;0,00
1550;Stumpenkerze 3er 80/40 halbgelackt grün (1161 4910);6;0,00
1063;Stumpenkerze 3er 80/40 halbgelackt Herbstgold/Creamgold (1106 4939);6;0,00
1412;Stumpenkerze 3er 80/40 halbgelackt kupfer;6;0,00
1411;Stumpenkerze 3er 80/40 halbgelackt silber;6;0,00
1551;Stumpenkerze 3er 80/40 halbgelackt violett (1106 5010);6;0,00
1044;Stumpenkerze 3er 80/40 halbgelackt Weihnachtsgold (1106 233684);6;0,00
8045;Swirl Kerzenverpackung kurz 250 x 100 x 45 mm;6;0,00
8046;Swirl Kerzenverpackung lang 265 x 100 x 45 mm;6;0,00
8014;Swirl Kerzenverpackung weiß 70 x 28 x 270 mm;6;0,00
8007;Twinkle Kerzenverpackung gold;6;0,00
1605;Twinkle Kerzenverpackung kupfer;6;0,00
1645;Twinkle Kerzenverpackung shatter pink;6;0,00
1604;Twinkle Kerzenverpackung silber;6;0,00
8004;Twisted Kerzenverpackung 64 x 23 x 230;6;0,00
8015;Xmas Stabkerzenverpackung gold 67 x 22 x 225;6;0,00
1603;Xmas Stabkerzenverpackung kupfer 67 x 22 x 225;6;0,00
1602;Xmas Stabkerzenverpackung silber 67 x 22 x 225;6;0,00
8018;Xmas Twisted Verpackung 64 x 23,5 x 240;6;0,00
1077;/;6;nan
2132;Aluminium Vierkantrohr System 20x20;6;nan
1742;Alusystemprofil 30x30 U-Rahmen 700 x 625 mm;6;nan
1741;Alusystemprofil 30x30 Vierkantrahmen 700 x 900 mm;6;nan
4014;babyrosa-Punkte-coralle;6;nan
4004;babyrosa-Punkte-rainbow;6;nan
1702;Banderole  Ostern;6;nan
2137;Bindedraht 90 cm;6;nan
4049;Blau-dreiecke-mint;6;nan
4007;blush-Punkte-rainbow;6;nan
4028;blush-sinus-neonpink;6;nan
1761;Cellophanbeutel;6;nan
1762;Cellophanbeutel biologisch abbaubar;6;nan
4035;Coralle-curves-flieder;6;nan
4015;coralle-Punkte-goldorange;6;nan
6053;Dip Dye Marble * Mercury;6;nan
1721;Dip Dye Marble * Paisley Storm;6;nan
1639;Dipper Boob Rohling;6;nan
1638;Dipper Cube Rohling;6;nan
1640;Dipper Tube Rohling;6;nan
4034;Dirtypink-curves-goldorange;6;nan
4008;dirtypink-Punkte-rainbow;6;nan
4020;dirtypink-sinus-coralle;6;nan
4021;dirtypink-sinus-flammrot;6;nan
4019;dirtypink-sinus-flieder;6;nan
2006;Display Lochblech 1,5 mm;6;nan
2125;Duftstoff Organic Bamboo;6;nan
1735;Eck-Lochblech 2500x625 mm RG 5-15;6;nan
1805;"Eggs Tray ""Foursome"" Farbe 1";6;nan
1806;"Eggs Tray ""Foursome"" Farbe 2";6;nan
1807;"Eggs Tray ""Foursome"" Farbe 3";6;nan
1808;"Eggs Tray ""Foursome"" Farbe 4";6;nan
1623;Eierkarton 10er pink;6;nan
1619;Eierkarton 4er grau;6;nan
1620;Eierkarton 6er blau;6;nan
1622;Eierkarton 6er gelb;6;nan
1621;Eierkarton 6er grün;6;nan
1075;Eierkerzen Glitzereffekt;6;nan
2114;Eierschachtel 6er Orange;6;nan
2117;Eierschachtel 6er Pina Colada;6;nan
2115;Eierschachtel 6er Strawberry;6;nan
FAIRE-PAYMENT-PROCESSING-FEE;FAIRE-PAYMENT-PROCESSING-FEE;6;nan
1889;Farbkonzentrat orange;6;nan
1888;Farbkonzentrat pink;6;nan
2433;Filament PETG Lilac 1,75 mm;6;nan
2434;Filament PETG Mint 1,75 mm;6;nan
2426;Filament PETG Neon Orange Transparent 1,75mm;6;nan
2425;Filament PETG Neon Pink Transparent 1,75mm;6;nan
2427;Filament PETG Neon Yellow Transparent 1,75mm;6;nan
2428;Filament PETG Vanilla 1,75mm;6;nan
2436;Filament PLA Baby Pink 1,75 mm;6;nan
2119;Filament PLA Electric Blue 1,75 mm;6;nan
2435;Filament PLA Flamingo 1,75 mm;6;nan
2120;Filament PLA Light Green 1,75 mm;6;nan
2431;Filament PLA Mint 1,75 mm;6;nan
2432;Filament PLA Navy Blue 1,75 mm;6;nan
2429;Filament PLA Neon Orange 1,75 mm;6;nan
2430;Filament PLA Neon Yellow;6;nan
2118;Filament PLA Vanilla 1,75 mm;6;nan
2437;Filament PLA White 1,75 mm;6;nan
1641;Fitter Rohling;6;nan
4040;Flieder-curves-flieder;6;nan
4041;Flieder-curves-mint;6;nan
4042;Flieder-curves-neongelb;6;nan
4013;flieder-Punkte-neonpink;6;nan
4001;flieder-Punkte-rainbow;6;nan
4005;flieder-Punkte-rainbow;6;nan
4027;flieder-sinus-coralle;6;nan
4026;flieder-sinus-jade;6;nan
1636;Flipper Boob Rohling;6;nan
1635;Flipper Cube Rohling;6;nan
1637;Flipper Tube Rohling;6;nan
2126;GMUND Matt 11 (rosa);6;nan
2127;GMUND Matt 46 (beige);6;nan
2128;GMUND Matt 86 (hellgrün);6;nan
1810;Gmund Papier rosa / Zuschnitt 43,3x32 cm;6;nan
1811;Gmund Papier rosa 100x30 cm;6;nan
1809;Graupappe 400g 50x70 BB;6;nan
1744;Haken 120 mm;6;nan
1745;Haken 160 mm;6;nan
1746;Haken 200 mm;6;nan
1743;Haken 45 mm;6;nan
2041;Halbfertigerzeugnis Grußkarte;6;nan
1874;Handstretchcastfolie 17?m, 50 cm x 300 lfm transparent;6;nan
1212;Kerze Swirl 240 mm;6;nan
1630;Kerze Swirl halbgelackt grün;6;nan
1624;Kerze Swirl halbgelackt kupfer;6;nan
1626;Kerze Swirl halbgelackt perlmutt;6;nan
1633;Kerze Swirl halbgelackt rosa;6;nan
1631;Kerze Swirl halbgelackt rot;6;nan
1632;Kerze Swirl halbgelackt silber;6;nan
1628;Kerze Swirl halbgelackt violett;6;nan
1627;Kerze Swirl halbgelackt Weihnachtsgold (1106 233684);6;nan
2129;Kerzenglas klar 200 ml;6;nan
1887;Kerzenlack multicolor grünblau - lila;6;nan
2007;Kerzenständer Lochblech 1,5 mm;6;nan
1417;Kerzentauchmasse Trudastar;6;nan
2135;Kette 12x4 mm Edelstahl 50 cm;6;nan
2134;Kette 12x4 mm Edelstahl 50 m;6;nan
2010;Kombihalter Stahlblech 1mm;6;nan
FAIRE-COMMISSION;Kommission;6;nan
2009;L-Halter Stahlblech 1 mm;6;nan
2049;Lamaband, Ballen Grande;6;nan
2048;Lamaband, Ballen Medio;6;nan
2047;Lamaband, Ballen Mini;6;nan
1668;Less Bla * Druck Neonorange;6;nan
1848;Lipstick/Gmund 925 Light Silver/310g/Luxor 220;6;nan
1847;Lipstick/Gmund Gold Value/310g/Folico 6638;6;nan
2108;Lochblech 2000x1000 mm, RG 5-8;6;nan
1734;Lochblech 2500x1250 RG 5-15;6;nan
2131;Lochblech aus Aluminium 2500x125x1 RV;6;nan
2130;Lochblech aus Aluminium 2500x125x1,5 RG;6;nan
1740;Lochblechschublade 625x700 RV 5-8;6;nan
1736;Lochblechtisch 1250x900x700 RV 5-8;6;nan
4050;Mint-dreiecke-mint;6;nan
4002;mint-Punkte-rainbow;6;nan
4030;mint-sinus-coralle;6;nan
4029;neongelb-sinus-goldorange;6;nan
1799;Next day payout fee (0%);6;nan
2124;Organic Bamboo;6;nan
2421;"Papier ""La vie recyclé"", amande 320 g/qm";6;nan
2438;"Papier ""La vie recyclé"", amande 420 g/qm";6;nan
1699;Postkarton 25x16x3 cm Rosa;6;nan
1124;Pouch Tray 19x27 Gold Gelb/Key Lime;6;nan
1125;Pouch Tray 19x27 Olive/Key Lime;6;nan
1123;Pouch Tray 30x40 Purple/Key Lime;6;nan
1802;Provision Ankorstore (0%);6;nan
1800;Provision FAIRE (0%);6;nan
1804;Provision Orderchamp (0%);6;nan
1711;Pulverbeschichtung Black (RAL 9005);6;nan
1708;Pulverbeschichtung Coral (KABE NCS Coralle);6;nan
1717;Pulverbeschichtung Cosmic Blue (Prismatic Powders PTB-10807);6;nan
1716;Pulverbeschichtung Cosmic Green (Prismatic Powders PTB-10806);6;nan
1712;Pulverbeschichtung Cosmic Pink (Prismatic Powders PTB-10804);6;nan
1715;Pulverbeschichtung Cosmic Violet (Prismatic Powders PTB-10803);6;nan
1714;Pulverbeschichtung Cosmic Yellow (Prismatic Powders PTB-10805);6;nan
2133;Pulverbeschichtung Leuchthellorange Matt RAL 2007 (Grimm M0-158-2107-001);6;nan
1707;Pulverbeschichtung Lilac (KABE NCS Flieder);6;nan
1709;Pulverbeschichtung Mint (KABE NCS Mint);6;nan
1703;Pulverbeschichtung Neonpink (Tiger Neonpink);6;nan
1704;Pulverbeschichtung Neonrot (KABE Leucht Flammrot);6;nan
1705;Pulverbeschichtung Purple (KABE Leucht-Violett);6;nan
1713;Pulverbeschichtung Screamin´ Coral (Prismatic Powders PSB-10315)808);6;nan
2074;Pulverbeschichtung Tray;6;nan
2136;Pulverbeschichtung Weiß RAL 9010;6;nan
1710;Pulverbeschichtung White (RAL 9003);6;nan
1706;Pulverbeschichtung Yellow (RAL 1016);6;nan
1400;Rainbow Studio * Lack/Glitter gold_pink;6;nan
1401;Rainbow Studio * Lack/Glitter silber_pink;6;nan
2039;Rapswachs Granulat 25 kg;6;nan
2008;Regal Lochblech 1,5 mm;6;nan
2439;Regal Lochblech 1,5 mm neu (ohne Loch);6;nan
1418;Reisseffektlack farblos 1. Schicht (1159 5980);6;nan
1421;Reisseffektlack gold 2. Schicht (1229 5259);6;nan
1420;Reisseffektlack rot 2. Schicht (1229 6191);6;nan
1419;Reisseffektlack vanille 2. Schicht (1229 6288);6;nan
2044;Restkerzen;6;nan
1406;Rüstkosten;6;nan
1110;Samtpouch;6;nan
2011;Säule, Lochblech 1,5 mm, 250x30x30;6;nan
8080;Schaumstoff Zuschnitt schwarz Glow;6;nan
8081;Schaumstoff Zuschnitt schwarz Sparkle;6;nan
1414;Schaumstoff Zuschnitt Skinny Dreiecksverpackung;6;nan
1597;Schaumstoff Zuschnitt Stabkerzen Glitzer (anthrazit);6;nan
1415;Schaumstoff Zuschnitt Stabkerzen Graphic Lights (rot);6;nan
1416;Schaumstoff Zuschnitt Swirl oben;6;nan
1634;Schaumstoff Zuschnitt Swirl unten;6;nan
2109;Schneiden und Biegen Display;6;nan
1801;Shipping Ankorstore;6;nan
1798;Shipping FAIRE;6;nan
1803;Shipping Orderchamp;6;nan
8309;Siebdrucklack blau;6;nan
8310;Siebdrucklack gelb;6;nan
8308;Siebdrucklack pink;6;nan
8307;Siebdrucklack weiß;6;nan
1402;Siebkosten und Datenaufbereitung (5fb);6;nan
1468;Skinny 4er Kerzenverpackung gold;6;nan
1601;Skinny 4er Kerzenverpackung kupfer;6;nan
1600;Skinny 4er Kerzenverpackung silber;6;nan
1844;Skinny 4er/Gmund Matt 11/300g/Folico 6638;6;nan
1843;Skinny 4er/Gmund Matt 11/300g/Folico 6639;6;nan
1842;Skinny 4er/Gmund Matt 11/300g/Folico 6640;6;nan
1841;Skinny 4er/Gmund Matt 45/300g/Folico 6638;6;nan
1840;Skinny 4er/Gmund Matt 45/300g/Folico 6639;6;nan
1839;Skinny 4er/Gmund Matt 45/300g/Folico 6640;6;nan
1838;Skinny 4er/Gmund Used 6/300g/Folico 6638;6;nan
1837;Skinny 4er/Gmund Used 6/300g/Folico 6639;6;nan
1836;Skinny 4er/Gmund Used 6/300g/Folico 6640;6;nan
1467;Skinny Dreiecksverpackung;6;nan
1683;Skinny Dreiecksverpackung (Dots Hell);6;nan
1684;Skinny Dreiecksverpackung (Dunkelrot Streifen);6;nan
1681;Skinny Dreiecksverpackung (Lines Block);6;nan
1682;Skinny Dreiecksverpackung (Lines Dünn);6;nan
1685;Skinny Dreiecksverpackung (Streifen Rot Raster);6;nan
4071;Skinny-curves-coralle;6;nan
4073;Skinny-curves-flieder;6;nan
4067;Skinny-curves-goldorange;6;nan
4070;Skinny-curves-grün;6;nan
4074;Skinny-curves-mint;6;nan
4068;Skinny-curves-neonpink;6;nan
4069;Skinny-curves-violett;6;nan
4062;Skinny-dots-coralle;6;nan
4061;Skinny-dots-goldorange;6;nan
4063;Skinny-dots-neonpink;6;nan
4064;Skinny-dots-rainbow;6;nan
4076;Skinny-lines-coralle;6;nan
4077;Skinny-lines-flammrot;6;nan
4078;Skinny-lines-neonpink;6;nan
4079;Skinny-triangle-flieder;6;nan
4080;Skinny-triangle-goldorange;6;nan
4081;Skinny-triangle-neonpink;6;nan
1662;"Sonderkerze ""1 of Shocking Pineapple""";6;nan
2046;Sperrholzplatte bedruckt;6;nan
1835;Stab X-MAS/Gmund 925 Light Silver/310g/Luxor 220;6;nan
1834;Stab X-MAS/Gmund Colors Matt 63/300g/Folico 6719;6;nan
1833;Stab X-MAS/Gmund Gold rich copper/310g/Luxor 404;6;nan
1830;Stab X-MAS/Gmund Gold value/310g/Folico 6719;6;nan
1831;Stab X-MAS/Gmund Heather peacock/350g/Folico 6638;6;nan
1829;Stab X-MAS/Gmund Les Naturals blue nuit/330g/Folico 6724;6;nan
1832;Stab X-MAS/Gmund Used 6/300g/Folico 6724;6;nan
2423;Stab/Gmund 925 Golden Silver/310g/Luxor 220;6;nan
1823;Stab/Gmund Action Clear Sky blue/310g/Folico 6640;6;nan
1816;Stab/Gmund Action Electric Blood/430g/Folico 6719;6;nan
1812;Stab/Gmund Action Heart Attack/310g/Folico 713;6;nan
1822;Stab/Gmund Action Nuclear Acid/310g/Offset blau;6;nan
1813;Stab/Gmund Action Pink Stories/310g/Offset gelb;6;nan
1826;Stab/Gmund Colors Matt 35/300g/Folico 6639;6;nan
1819;Stab/Gmund Colors Matt 63/300g/Folico 6639;6;nan
1824;Stab/Gmund Colors Matt 91/300g/Folico 6724;6;nan
1821;Stab/Gmund Gold Lime gold/310g/Folico 6640;6;nan
1827;Stab/Gmund Gold orange gold/310g/Offset neonorange;6;nan
1828;Stab/Gmund Gold rich copper/310g//Folico 6638;6;nan
1815;Stab/Gmund Les Naturals opale rosa/330g/Folico 6638;6;nan
1817;Stab/Gmund Les Naturals rubis/330g/Folico 6639;6;nan
1820;Stab/Gmund Les Naturals saphir/330g/Folico 6639;6;nan
1814;Stab/Gmund Used 6/300g/Folico 6638;6;nan
1818;Stab/Gmund Used 6/300g/Folico 6639;6;nan
1825;Stab/Gmund Used 6/300g/Folico 6724;6;nan
2422;Stab/La vie recyclee amande/320g/Luxor 355;6;nan
2443;Stab/La vie recyclee amande/320g/Offset CMYK 31 72 44 40;6;nan
1613;Stabkerze 210/21 einfarbig, blau;6;nan
1665;Stabkerze 210/21 einfarbig, blush;6;nan
1873;Stabkerze 210/21 einfarbig, coralle;6;nan
1609;Stabkerze 210/21 einfarbig, dirty pink;6;nan
1615;Stabkerze 210/21 einfarbig, flieder;6;nan
1664;Stabkerze 210/21 einfarbig, mint;6;nan
1617;Stabkerze 210/21 einfarbig, neon grün;6;nan
1614;Stabkerze 210/21 einfarbig, neon orange;6;nan
1612;Stabkerze 210/21 einfarbig, neon pink;6;nan
1616;Stabkerze 210/21 einfarbig, neon rot;6;nan
1610;Stabkerze 210/21 einfarbig, nude;6;nan
1611;Stabkerze 210/21 einfarbig, petrol;6;nan
1666;Stabkerze 210/21 einfarbig, rosa;6;nan
1608;Stabkerze 210/21 einfarbig, sunshine gelb;6;nan
1618;Stabkerze 210/21 einfarbig, türkis;6;nan
1663;Stabkerze 210/21 einfarbig, violett;6;nan
1667;Stabkerze 210/21 einfarbig, zitronengelb;6;nan
1462;Stabkerze 210/21 Wild Chamäleon Flieder-Rot;6;nan
1463;Stabkerze 210/21 Wild Chamäleon Neon Orange-Vanille;6;nan
1461;Stabkerze 210/21 Wild Chamäleon Neon Rot-Rot;6;nan
1464;Stabkerze 210/21 Wild Crocodile Flieder-Vanille;6;nan
1465;Stabkerze 210/21 Wild Crocodile Neon Grün-Vanille;6;nan
1466;Stabkerze 210/21 Wild Crocodile Türkis-Vanille;6;nan
1458;Stabkerze 210/21 Wild Giraffe Dirty Pink-Vanille;6;nan
1460;Stabkerze 210/21 Wild Giraffe Nude-Gold;6;nan
1459;Stabkerze 210/21 Wild Giraffe Sunshine Gelb-Vanille;6;nan
1455;Stabkerze 210/21 Wild Jaguar Blau-Rot;6;nan
1457;Stabkerze 210/21 Wild Jaguar Neon Pink-Vanille;6;nan
1456;Stabkerze 210/21 Wild Jaguar Petrol-Rot;6;nan
1448;Stabkerze 210/21, Siebdruck, Sterne, neonorange;6;nan
1447;Stabkerze 210/21, Siebdruck, Sterne, neonpink;6;nan
1449;Stabkerze 210/21, Siebdruck, Sterne, neonrot;6;nan
2040;Stabkerze Halbfertigerzeugnis;6;nan
2123;Stabkerzen 150/8;6;nan
1788;Stabkerzen Verpackung Chopard - Rosa, Gold;6;nan
Standard-Ladehilfsmittel;Standard-Ladehilfsmittel;6;nan
1872;STARBUCKS #1;6;nan
2121;STICKY DOTS VALUE PACK - 1600 X PEELABLE GLUE DOTS ON PERFORATED SHEETS;6;nan
1579;Stumpenkerze 80/40 halbgeglitzert blau (1086);6;nan
1575;Stumpenkerze 80/40 halbgeglitzert champagner (1085);6;nan
1578;Stumpenkerze 80/40 halbgeglitzert flieder (8303);6;nan
1574;Stumpenkerze 80/40 halbgeglitzert gold (8305);6;nan
1576;Stumpenkerze 80/40 halbgeglitzert mint (1076);6;nan
1582;Stumpenkerze 80/40 halbgeglitzert neon pink (1083);6;nan
1581;Stumpenkerze 80/40 halbgeglitzert neon rot (8300);6;nan
1577;Stumpenkerze 80/40 halbgeglitzert neongrün (1084);6;nan
1580;Stumpenkerze 80/40 halbgeglitzert phantom blue (8304);6;nan
2263;Sway 150% * White;6;nan
1739;Tray A4 Rohling Lochblech RG 5-8 1,5 mm;6;nan
1642;Tray A4 Rohling Stahlblech 1 mm;6;nan
1738;Tray A5 Rohling Lochblech RG 5-8 1,5 mm;6;nan
1643;Tray A5 Rohling Stahlblech 1 mm;6;nan
1737;Tray A6 Rohling Lochblech RG 5-8 1,5 mm;6;nan
1644;Tray A6 Rohling Stahlblech 1 mm;6;nan
2419;Tray Eggs (Ei Nr. 1);6;nan
2420;Tray Eggs (Ei Nr. 2);6;nan
2411;Tray Eggs (Farbe 01);6;nan
2416;Tray Eggs (Farbe 02);6;nan
2412;Tray Eggs (Farbe 03);6;nan
2407;Tray Eggs (Farbe 06);6;nan
2414;Tray Eggs (Farbe 12);6;nan
2409;Tray Eggs (Farbe 17);6;nan
2417;Tray Eggs (Farbe 22);6;nan
2413;Tray Eggs (Farbe 47);6;nan
2418;Tray Eggs (Farbe 50);6;nan
2410;Tray Eggs (Farbe 54);6;nan
2408;Tray Eggs (Farbe 63);6;nan
2415;Tray Eggs (Farbe 77);6;nan
2111;Umsatz B2C;6;nan
1759;Umschlag C6 apple mint;6;nan
1867;Umschlag C6 Aqua;6;nan
1866;Umschlag C6 Butterscotch;6;nan
1760;Umschlag C6 candy floss;6;nan
1857;Umschlag C6 Copper;6;nan
1583;Umschlag C6 Coral;6;nan
1864;Umschlag C6 Electric Orange;6;nan
1863;Umschlag C6 Electric Pink;6;nan
1861;Umschlag C6 Electric Red;6;nan
1862;Umschlag C6 Electric Yellow;6;nan
1763;Umschlag C6 flieder;6;nan
1856;Umschlag C6 Galaxy Gold;6;nan
1753;Umschlag C6 gold;6;nan
1757;Umschlag C6 hellgrün (mint);6;nan
1752;Umschlag C6 kupfer;6;nan
1860;Umschlag C6 Lagoon;6;nan
1758;Umschlag C6 lavendel;6;nan
1750;Umschlag C6 muskat;6;nan
1871;Umschlag C6 Neo Shock;6;nan
1870;Umschlag C6 Neo Violet;6;nan
1749;Umschlag C6 neongelb;6;nan
1754;Umschlag C6 neongrün;6;nan
1751;Umschlag C6 neonorange;6;nan
1748;Umschlag C6 neonpink;6;nan
1868;Umschlag C6 New Teal;6;nan
1855;Umschlag C6 Old Gold;6;nan
1755;Umschlag C6 pearl lilac;6;nan
1859;Umschlag C6 Plum;6;nan
1869;Umschlag C6 Purple;6;nan
1733;Umschlag C6 schwarz;6;nan
1858;Umschlag C6 Soft Mulberry;6;nan
1865;Umschlag C6 Sunset;6;nan
1756;Umschlag C6 sunshine;6;nan
1573;Umschlag C6 Türkis;6;nan
2045;Umschläge;6;nan
1607;Versandkarton Groß FEFCO201 550/360/350;6;nan
1700;Versandkarton Klebestreifen 460x310x160;6;nan
1606;Versandkarton Standard FEFCO201 450/320/320;6;nan
4036;Violett-curves-coralle;6;nan
4000;violett-Punkte-rainbow;6;nan
4033;X-curves-flieder;6;nan
4055;X-curves-goldorange;6;nan
4039;X-curves-mint/neonpink;6;nan
4031;X-curves-neonpink;6;nan
4037;X-curves-neonpink/flammrot;6;nan
4051;X-dreiecke-flieder;6;nan
4054;X-dreiecke-goldorange;6;nan
4052;X-dreiecke-neonpink;6;nan
4057;X-ellipse-flammrot;6;nan
4060;X-ellipse-violett;6;nan
4043;X-linien-coralle;6;nan
4044;X-linien-flammrot;6;nan
4048;X-linien-flammrot;6;nan
4047;X-linien-mint;6;nan
4045;X-linien-neonpink;6;nan
4046;X-linien-türkis;6;nan
4009;X-Punkte-coralle;6;nan
4012;X-Punkte-coralle_mint_neongelb/neonpink;6;nan
4011;X-Punkte-flieder;6;nan
4010;X-Punkte-neonpink;6;nan
4023;X-sinus-coralle;6;nan
4018;X-sinus-flieder;6;nan
4017;X-sinus-goldorange;6;nan
4024;X-sinus-neonpink;6;nan
4016;X-sinus-senf;6;nan
4022;X-sinus-violett;6;nan
4032;X.curves-coralle;6;nan
4038;X.curves-goldorange/neongelb;6;nan
2525;xxx;6;nan
2526;xxx;6;nan
2527;xxx;6;nan
2528;xxx;6;nan
2529;xxx;6;nan
2530;xxx;6;nan
2531;xxx;6;nan
2532;xxx;6;nan
2533;xxx;6;nan
2534;xxx;6;nan
2535;xxx;6;nan
2536;xxx;6;nan
2537;xxx;6;nan
2538;xxx;6;nan
2539;xxx;6;nan
2540;xxx;6;nan
2541;xxx;6;nan
2542;xxx;6;nan
2543;xxx;6;nan
2544;xxx;6;nan
2545;xxx;6;nan
2546;xxx;6;nan
2547;xxx;6;nan
2548;xxx;6;nan
2549;xxx;6;nan
2550;xxx;6;nan
2551;xxx;6;nan
2552;xxx;6;nan
2553;xxx;6;nan
2554;xxx;6;nan
4003;zitronengelb-Punkte-rainbow;6;nan
